,StartStationName,count
0,太原汽车总站,10646
1,锦州站,221000
2,白城市中心客运总站,20257
3,松原公路客运站,17082
4,231123002,8
5,万达广场,91
6,建州汽车城公交站,1
7,黄石,37072
8,芷江汽车站,10660
9,仪陇马鞍汽车站,16144
10,剑阁(下寺),268
11,象州汽车客运服务站,5
12,澄城汽车站,828
13,泰宁汽车站,1
14,和田东郊客运站,30505
15,公主岭市客运总站,21703
16,永吉县公路客运总站,5990
17,230103020,47
18,青浦长途站,20024
19,平湖汽车客运中心,38241
20,黟县车站,7
21,新干城北汽车站,152
22,郸城客运东站,2049
23,宁远湘运汽车站,8454
24,阳春春湾汽车客运站,14265
25,斗门站,1749
26,稔村站,106
27,文昌文教,24
28,黔西客运站,9783
29,自贡富顺县客运中心,774
30,毕节高铁枢纽站,515
31,大田县建设车站,1
32,郑州客运北站,1
33,宁陕县汽车客运站,1
34,拉萨北郊客运站,167158
35,兴安盟突泉县客运站,7968
36,高速公路客运站,896
37,230183001,4
38,睢宁汽车站,79882
39,永康东站,14304
40,汽车南站,46632
41,开封中心站,63662
42,济源老公交站,2585
43,谷城县汽车客运站,17546
44,长沙南线区域F,1
45,新化汽车西站,15959
46,清远市连南汽车客运站,4172
47,深圳市龙华汽车客运站,681
48,靖海镇第三招呼站,88
49,兴宁东岳宫汽车客运站,43
50,怀集城南汽车客运站,32
51,2|江屯站北市配客点,6
52,大新城北客运站,1531
53,屯昌站,47114
54,万宁站,13952
55,琼海博鳌,2
56,梁平汽车站,55
57,岑巩汽车站,60548
58,拱北通大客运站,55
59,库尔勒客运中心站,1581296
60,靖远客运中心,1441
61,贵德汽车站,950
62,桃仙机场客运站,167406
63,231081030,6
64,伊春新青区客运站,449
65,希文路公交,30
66,龙泉客运站,32315
67,丽水市公路客运东站,142958
68,宁波南站,191986
69,云霄车站,1290
70,郑州陇海站,12486
71,汝州长途站,1830
72,株洲长途站,11718
73,台山市汽车客运站,726
74,龙川汽车客运站,2974
75,长安汽车站,121
76,隆安汽车总站,599
77,重庆北站南广场汽车站,2908
78,南部汽车站,16
79,宜春汽车总站,6
80,索县客运站,4734
81,彬县客运站,25575
82,霍城客运站,64
83,晋中市汽车客运总站,419
84,磴口汽车站,2
85,231102028,6
86,景宁客运中心,60285
87,松溪汽车站,10651
88,烟台开发区,10
89,兖州站,53152
90,濮阳东濮站,3225
91,新桥,220
92,龙川县新城客运站,7385
93,洋浦站,1974
94,万宁长丰,634
95,湖南道县,8
96,白沙打安,4
97,泸州客运中心站（西南商贸城）,249232
98,铜仁城南站,478
99,青川客运中心站,7932
100,名山区汽车站,3946
101,石龙汽车客运站,2
102,焉耆县客运站,549584
103,天山汽车站,1120
104,230112030,5
105,沪太站,143204
106,赣榆汽车北站,20603
107,丹阳东站,29338
108,戴南站,4737
109,新浦客运东站,6727
110,界首汽车站,4
111,永春汽车站,6718
112,安溪茶都公园,3
113,开封西站,21341
114,巴河,4212
115,松柏站,219
116,深圳市龙岗长途汽车客运站,23999
117,隆江镇第五招呼站,166
118,梅县丙村汽车客运站,3
119,合浦汽车总站,1525
120,防城客运中心,1163
121,五指山番阳,21
122,大翠桥,11
123,剑阁普安客运站,7902
124,铜仁旅游站,31020
125,巴中兴文车站,956
126,八宿县客运站,840
127,格尔木泰山路站,663
128,寿阳县汽车站,1012
129,农安县公路客运总站,52668
130,友好公路客运站,10
131,平阳水头客运中心,1258
132,青岛沧口,18633
133,石桥铺,356
134,茂名化州站,992
135,1口,4
136,屯昌乌坡,7
137,叙永客运中心,1926
138,西昌汽车客运中心,299
139,巴中通江城南车站,594
140,九江汽车总站,29
141,钟山汽车站,1
142,察雅县客运站,1492
143,甘泉客运站,4
144,范县客运站,476
145,阳新,47487
146,宁乡东城,8425
147,新化梅苑汽车站,2456
148,松山湖汽车站,107
149,潮安汽车客运站,2
150,芦山汽车站,3621
151,南部县汽车客运站(52队车站),35755
152,施秉汽车站,10854
153,巧家客运站,2
154,修文客车站,69843
155,庄浪昌隆站,2130
156,兰州中川民航售票处,30467
157,偏关汽车客运站,2400
158,222403004,5
159,朴木,4
160,平度站,132047
161,樱桃园站,1373
162,岚山车站,6173
163,郧县,6327
164,邵东汽车站,36
165,吉首汽车东站,19410
166,广州罗冲围汽车客运站,3800
167,永福总站,46
168,广西玉林博白,32
169,双辽客运站,5
170,赣州汽车站,38
171,滦南汽车客运站,13
172,贺州客运中心站,7
173,田林客运站,2
174,民和客运站,6291
175,尧庙汽车站,91
176,岫岩,208027
177,沭阳东站,172069
178,苏州吴中站,18240
179,淮安南站,91506
180,徐州中汇,135
181,富阳客运南站,3782
182,舟山市汽车客运中心,192
183,万安汽车站,3991
184,startstationname,539
185,店埠,8
186,肇庆城东汽车客运站,19620
187,徐闻中心客运站（新国线车站）,15
188,佛山市石湾汽车客运站,372
189,防城港港口汽车站,12
190,雅安长途客运站,8
191,潜江客运站,7
192,兴国县汽车站,1
193,三江汽车河东客运服务站,1
194,枋湖汽车站,6
195,佛坪客运站,10
196,庆城南站,186
197,敦化市长途客运站,1076
198,231124001,2
199,231002006,5
200,佳木斯枢纽站,87703
201,浦江站,3549
202,沛县北站,3717
203,南通家纺城,3492
204,四堡,141
205,三明北沙县,1529
206,舞钢新长途站,1869
207,炎陵汽车站,2639
208,湛江市海田汽车客运站,1052
209,阳西溪头站,22
210,广州白云国际机场客运中心,28
211,大致坡路口,3
212,文昌蓬莱,8
213,兴仁汽车站,21390
214,韩城新城汽车站,57846
215,白山客运总站,18
216,长汀汽车车站,1
217,天等客运总站,17
218,钦州北站,2
219,犍为南门中心站,184
220,蔡家坡汽车站,52321
221,长治市汽车客运东站,4877
222,德惠客运总站,428
223,铁力市公路客运站,6949
224,孙吴县运输有限公司客运站,409
225,阜宁车站,42884
226,常熟东张站,87
227,同康村,38
228,修武县总站,26
229,铁路潮汕站临时汽车客运站,497
230,珠海市上冲长途汽车客运站,896
231,梅州梅县顺风站,1134
232,临高加来路口,2
233,大足汽车站,1346
234,剑河汽车站,15360
235,锦屏汽车站,19
236,长春凯旋公路客运站,37
237,武夷客运总站,2
238,铜川北关客运站,22883
239,张掖客运中心,4
240,池北区公路客运站,1439
241,220182001,10
242,230302002,3
243,海门叠石桥站,1483
244,安溪湖头,1025
245,同安,505
246,诗山车站,72
247,武备,4
248,寿光总站,76401
249,泰安小井站,6064
250,新密中心站(东),2006
251,温县客车站(新站),588
252,新郑汽车站,42
253,韶关汽车客运南站,5423
254,惠州市仲恺汽车客运站,10243
255,云浮汽车客运站,15846
256,韶关仁化汽车客运站,261
257,周田镇第一招呼站,59
258,珠海红旗汽车客运站,120
259,神泉镇第二招呼站,5
260,福山站,7268
261,文昌珠溪桥,5
262,文昌新美,17
263,陵水路口,49
264,绵阳南湖汽车站,45715
265,遵义汽车总站,3526
266,南伞汽车客运站,1
267,宝鸡汽车南站,10912
268,神木汽车站,405
269,海伦市客运站,38938
270,红兴隆中心客运站,269
271,江苏信息,20
272,武义客运中心,10299
273,济钢,1
274,李庄站,2458
275,维也纳酒店高铁南站店,4
276,云集站,11
277,新邵汽车站,1554
278,佛山市顺德区容桂汽车客运,8403
279,柳州飞蛾综合客运站,2785
280,儋州光村,26
281,儋州八一,41
282,琼海东红路口,10
283,文昌罗豆,76
284,文昌龙马,17
285,澄迈永发,5
286,文昌竹林,10
287,枫木高速路口,1
288,三台县旅游汽车站,31129
289,姚安客运站,1
290,巴彦淖尔临河汽车站,1
291,巴林左旗林东客运站,2
292,福鼎汽车南站,1
293,蒲城汽车站,1
294,咸丰汽车站,2025
295,若羌客运站,26163
296,军供客运站,19244
297,临河汽车站,709
298,多伦汽车站,8042
299,安图县公路客运总站,1157
300,查哈阳农场客运站,990
301,启东汽车站,244770
302,济南总站,888285
303,济南东站,95549
304,云阳汽车站,121
305,巴东,14821
306,郁南连滩汽车客运站,10128
307,肇庆四会荔枝湾售票点,258
308,乐东保国,75
309,广西玉林站,2
310,正安客运站,11861
311,理县旅游客运中心,394
312,南宁安吉客运站,64
313,上海中山客运站,30
314,福州汽车北站,79
315,静宁县客运站,39889
316,石首客运中心,6
317,屏南汽车站,6
318,京山客运站,2
319,郧西县客运站,1
320,宁陕汽车站,192
321,大板汽车站,8901
322,230524002,5
323,220103004,4
324,绍兴西站,25948
325,六安汽车客运南站,4590
326,赤水,9
327,湖口站,72
328,郑州中心站,191230
329,宜昌中心站,302344
330,汉川,117987
331,常德汽车南站,4477
332,翁源县官渡汽车客运站,1542
333,湛江麻章汽车客运站,1088
334,佛山市南海区西樵汽车客运站,1275
335,三亚西站,6028
336,广东东莞,29
337,万宁山根路口,2
338,万宁牛漏,1
339,澄迈加乐,2
340,什岭,1
341,松桃汽车站,7488
342,普安汽车站,19220
343,关岭汽车站,10263
344,铜仁汽车客运北站(川硐),2058
345,仪陇超长客运站(金城),458
346,永川客运中心,102
347,渝北双凤桥汽车站,6
348,仙桃汽车站,9
349,定日县客运站,1085
350,吉隆县客运站,364
351,张家川汽车站,91
352,东风汽车站,3789
353,孝义汽车站,190
354,榆社汽车站,49
355,葫芦岛市汽车客运总站,36387
356,南通东站,376105
357,常理工东湖,58
358,苍南西站,1561940
359,泉州汽车北站(原高铁站),13777
360,黎川客运中心,14143
361,马连庄,8
362,枣庄汽车总站,81537
363,长沙市区,6
364,龙山汽车站,6245
365,梅州大埔汽车客运站,12263
366,郁南飞凤汽车客运站,34
367,福山补票点一,414
368,文昌东郊,62
369,琼海嘉积站,79
370,内江汽车站(卷子坳车站),19422
371,石棉汽车站,26939
372,贵阳龙洞堡汽车客运站,57080
373,夹江客运中心,7684
374,梧州金晖站,5
375,罗定泷州客运站,2
376,韩城客运总站,11
377,克拉玛依客运站,476665
378,巴楚县客运站,346293
379,和硕客运站,289791
380,武进汽车站,44394
381,遂昌客运中心,34721
382,安溪西坪,175
383,铜矿车站,337
384,鄱阳客运站,762
385,唐河汽车站,2536
386,黎托站,14054
387,常德北部区域,7
388,清远市城北汽车客运站,107757
389,紫金汽车客运站,11340
390,藤县汽车客运服务站,445
391,临高多文,125
392,清水湾山海间,3
393,海口下昌,1
394,泸县客运中心站,11815
395,安宁客运站,9
396,盐边客运站,33
397,理工大(北门车站服务点),58
398,唐山海港汽车客运站,2
399,华容汽车中心站,2
400,慈利西站,1
401,西咸综合客运枢纽站,1341
402,延长汽车站,123
403,延安南站,929
404,宝昌客运站,1146
405,铁岭,110729
406,大安市公路客运总站,9310
407,长白县客运站,1248
408,伊春市公路客运总站,19973
409,千岛湖客运中心站,67121
410,大田,2286
411,学院路口,4
412,市委党校学员公寓,19
413,沾化站,6473
414,郸城汽车站(交通路),8675
415,应城,31602
416,东莞市凤岗汽车客运站,2394
417,陆河汽车客运站,9
418,潮汕机场客运站,51
419,玉林市客运中心,88
420,平果汽车客运站,8
421,定安中瑞,76
422,三亚港门,25
423,兰坪客运站,1
424,杨春湖客运换乘中心,7
425,桂林汽车客运北站,20
426,礼县汽车站,3209
427,宜章县汽车站,1
428,松江长途汽车客运站,3
429,洋县汽车站,1
430,巴青县客运站,2116
431,岚皋县客运站,18176
432,泾川汽车站,2083
433,英吉沙客运站,171
434,元宝山区平庄汽车站,5959
435,建昌客运,51561
436,弓长岭客运站,11
437,红旗街,812
438,220722001,2
439,兰西客运站,12341
440,富锦市公路客运总站,19699
441,新沂北站,81510
442,滨江铂尔曼,94
443,安庆中心站,4
444,南平汽车站,3
445,蒙阴,36317
446,荆州机场,23
447,高要汽车客运站,1433
448,溪西镇第一招呼站,18
449,徐闻县新国线中心汽车客运站,10
450,铜梁汽车南站,136
451,天柱汽车站,28041
452,龙泉汽车总站,22051
453,岳池客运枢纽站,382
454,肃南公用型客运站,7951
455,临夏汽车南站,12308
456,襄垣汽车站,464
457,农安县客运总站,11390
458,120102001,4
459,盐城汽车总站,415949
460,益林,1975
461,宜兴城市候机楼,152
462,涟水机场,74
463,随州东站,4879
464,汕头中旅汽车客运站,1165
465,东湖客运站,152
466,海口大致坡,242
467,琼中新林,3
468,泸州汽车站(广场),23468
469,锦屏汽车客运南站,25918
470,六盘水南站,34772
471,泸州城西客运站,2436
472,宁波机场,1027
473,清远市城北客运站,21
474,房县客运站,3
475,和顺汽车站,106
476,蚌埠中心站,27022
477,大连金州中心汽车站,5002
478,庆安客运站,31083
479,临泽客运站,4519
480,盱眙车站,137067
481,丹阳客运中心,22872
482,连云港东站,803
483,南安中心站,1568
484,宏路,501
485,安溪永隆国际,3
486,威海站,137041
487,楼德站,6709
488,平顶山长途站,23538
489,海丰汽车客运总站,18675
490,东莞市大朗汽车客运站,1790
491,广州东站汽车客运站,814
492,东莞市松山湖汽车客运站,342
493,桐梓客运站,167157
494,翼城汽车站,2
495,惠州南线客运站,25
496,金华市东阳客运西站,3
497,庆阳市庆城汽车站,3284
498,永昌汽车站,162
499,152223002,1
500,鸡东县公路客运站,29099
501,伊春乌马河公路客运站,1299
502,徐州南站,124149
503,无为南站,33062
504,芙蓉岭,540
505,西二环配客,385
506,南丰客运西站,207
507,鄄城汽车站,16148
508,林州汽车南站,2996
509,宣恩客运站,2774
510,耒阳汽车站,21404
511,临武东塔汽车站,3362
512,云安白石汽车客运站,353
513,文昌凤尾,15
514,平塘汽车站,3988
515,岗巴县客运站,887
516,阿克苏旅客运输公司客运站,23
517,乌什运输站,2
518,平遥汽车站,47
519,集宁长途汽车站,3019
520,包头市昆区站,124
521,230622026,1
522,滨海站,1317
523,花垣县汽车站,14728
524,四会市槎山客运站,2418
525,口,1
526,保亭槟榔谷,6
527,重庆巫山,1
528,琼山侨中,7
529,成都东站汽车站(火车东站旁),305467
530,茶店子车站,4864
531,仁布县客运站,3120
532,河曲汽车客运站,3578
533,扎兰屯客运站,24431
534,锦山镇汽车站,10
535,昌图汽车客运站,27269
536,230781087,1
537,拜泉县中心客运站,24596
538,镇江汽车站,223952
539,衢州汽车客运中心,44173
540,坎市,2761
541,桃村,22825
542,封丘汽车站,59
543,保康,59180
544,广华,646
545,怀集县交通运输有限公司冷坑客运站,696
546,官窑车站,119
547,潭牛,26
548,文昌月亮湾,14
549,桶井梅山,4
550,宜宾西门汽车客运站,68973
551,汶川汽车站,1086
552,黄平旧州汽车站,1142
553,镇原县客运中心,2982
554,肇庆客运站,3
555,普定客运站,32648
556,雷山县西江汽车站,9720
557,凤台,5462
558,灯塔市灯塔客运服务站,5259
559,230231001,48
560,370502001,15
561,230713004,1
562,232722035,1
563,230604003,1
564,宁安东京城客运站,9168
565,泾口,3
566,青阳,3
567,涵江,1076
568,蛟洋高速口,2
569,平舆汽车北站,50
570,汕头市汽车客运中心站,2944
571,阳西县程村汽车客运站,1357
572,徐闻总站,826
573,吴川总站,42
574,东方新龙,2
575,川主寺汽车站,128
576,三府湾客运站,3280
577,下水径配客站,3
578,镇宁客运站,165003
579,凯里城南汽车客运站,89959
580,康乐公用型汽车站,1104
581,满洲里口岸国际客运站,10000
582,西丰,22439
583,滨海新区客运站,165
584,海门六甲站,18272
585,集美,8806
586,天子温泉,70
587,泰山站,98705
588,上蔡汽车西站,5272
589,新蔡新汽车站,267
590,郧西客运站,32785
591,常宁站,4523
592,马田车站,20
593,益阳赫山汽车站,8397
594,韶关汽车客运东站,21582
595,徐闻县中心汽车客运站,657
596,隆江镇第三招呼站,20
597,珠海海洋王国,21
598,腰古站,2
599,巴马汽车总站,1193
600,保亭三道,52
601,邦开路口,1
602,巴中平昌车站,13
603,仙城客运站,58
604,钦州总站,3
605,紫云客运站,71552
606,互助县汽车站,6
607,海原汽车站,43167
608,呼图壁汽车站,215
609,东胜客运中心站,15
610,辽阳市长途客运总站,160591
611,营口市长途客运站,123858
612,延吉市公路客运总站,8591
613,江源区公路客运总站,1079
614,150721001,3
615,231084013,5
616,邳宏通南,190
617,淮安行政中心,160
618,金华汽车西站,107932
619,政和汽车站,10739
620,官田,19
621,通城,28300
622,深圳南山汽车客运站,206
623,大坝点,11
624,乐平汽车站,2
625,同心汽车站,40469
626,太原迎宾汽车站,10576
627,合肥汽车客运南站,33620
628,珲春市公路客运总站,127
629,230204001,502
630,杭州汽车北站,35002
631,嘉兴北站,78920
632,永福,2999
633,清濛车站,57
634,潜江汽车客运站,37854
635,坪阡,14
636,翁源龙仙汽车客运站,2908
637,测试客运站,549
638,江湛铁路阳江客运招呼站,5
639,北流城南汽车客运站,876
640,文昌站,66221
641,和乐,51
642,巴中平昌客运中心,15652
643,韶关翁源客运站,2
644,庄浪东站,270
645,乌兰浩特汽车站,43851
646,抚顺,116025
647,231121001,2
648,舟山普陀客运(乘换)中心,162
649,三号线员工,2
650,上蔡汽车东站,7366
651,长沙南线区域E,2
652,平远汽车客运站,48
653,练溪点,48
654,拱北通大站,37
655,三亚站,83492
656,屯昌高速路口,11
657,中建,17
658,琼海塔洋,9
659,遵义忠庄车站,32674
660,蓬安汽车客运站,22062
661,渭南客运中心站,14
662,沙市长途客运站,10
663,安乡汽车站,9
664,长岭客运站,4
665,互助汽车站,1805
666,沙湾客运站,910
667,应县汽车站,292
668,五汛双桥,4
669,东阳横店站,701849
670,诸暨客运站,63871
671,岳西车站,29
672,新泉,207
673,常德德山区域,2
674,益阳资阳汽车站,5422
675,平南客运中心,19
676,昌江立交,1
677,四川南充市,1
678,铜梁汽车总站,23
679,合川客运总站,15
680,容县城南客运站,3
681,长岭县公路客运站,16677
682,231081031,44
683,赣榆汽车站,25231
684,流均,690
685,国贸天琴湾,1092
686,泉州汽车站(原新站),2189
687,乳山,34
688,沈丘国营汽车站,2826
689,固始客运中心站,23
690,咸安,6803
691,新丰汽车客运站,23524
692,深圳蛇口汽车客运站,1265
693,茂名汽车客运站,2373
694,白沙站,26835
695,文昌三角庭,17
696,白沙金波,2
697,澄迈永发路口,5
698,红旗河沟汽车站,24
699,集美汽车站,6
700,武都汽车东站(盘旋路),3
701,眉县汽车站,112634
702,西峰汽车西站,9619
703,民勤县民勤客运中心站,1060
704,东运集团华亭汽车站,2621
705,新巴尔虎左旗阿木古郎客运站,1179
706,辽源市客运总站,3227
707,木兰县公路客运站,15470
708,濯田,48
709,渑池汽车站,11
710,鹿邑客运西站,3604
711,团陂,3429
712,房县高客站,388
713,深圳市侨社汽车客运站,2119
714,常平汽车站,1001
715,深圳市宝安区西乡汽车客运站,2995
716,九洲港汽车客运站,40
717,临高新盈,181
718,临高路口,1
719,中兴,1
720,兴义客运西站,104052
721,广汉市汽车客运中心,17739
722,中江仓山车站,8335
723,华阳客运中心,664
724,岑溪探花汽车站,2
725,会东客运中心,18
726,陇县客运站,30952
727,安宁区售票点,13315
728,张掖汽车站西关车站,1897
729,刚察县汽车站,4968
730,阳城汽车站,5808
731,开鲁客运站,150
732,宁江区公路客运总站,102523
733,231202001,62
734,泗阳汽车站,126180
735,金峰,3681
736,霞浦北站,1
737,无棣站,15852
738,东营垦利站,967
739,空港巴士站(郑州机场),200
740,机场客运站,818
741,肇庆四会汽车站槎山分站,36
742,广宁江屯安捷客运站,1478
743,贵港汽车南站,138
744,五指山毛阳路口,21
745,白沙邦溪,45
746,儋州和祥,2
747,定安同仁,6
748,新中,1
749,天门客运中心站,10
750,万载汽车站,5
751,潼关汽车站,1706
752,尖扎县汽车站,527
753,苏尼特右旗汽车站,37
754,后旗汽车站,60
755,230803001,676
756,肇东市客运站,6005
757,常州奔牛机场,13058
758,龙游客运北站,21612
759,莱州,26
760,烟台旅游站,15759
761,利津客运站,2957
762,淮阳县中心站,9487
763,竹山,51226
764,华新站,166
765,涟源汽车站,4728
766,平远汽车客运总站,6942
767,东陇镇招呼站,138
768,湛江市廉江市城南汽车客运站,118
769,文昌泰山,1
770,琼中新进,26
771,广东深圳龙岗布吉,6
772,内江高速公路客运中心,44150
773,安康市高速客运汽车站,1
774,信宜城东客运站,2
775,宜宾柏溪客运站,36
776,新宁路汽车站,12808
777,青河客运站,19597
778,博乐客运总站,36
779,乌拉特前旗汽车站,51
780,乐活汇,4283
781,伊通客运总站,7254
782,10000,111
783,汤原县公路客运站,6890
784,滨海汽车站,50286
785,淮安总站,186949
786,楼王,16
787,无锡西站,922
788,松阳客运中心站,40165
789,黄山客运总站,67
790,社会客运站,1
791,周口港区汽车站,4
792,城际大巴站,166
793,长沙火车站,22
794,德保汽车总站客运服务站,2
795,儋州洋浦,133
796,广西梧州,9
797,达州客运北站(徐家坝),42563
798,福州华威汽车客运站,15
799,城南客运站,24126
800,台山汽车客运站,15
801,武穴市汽车客运站,16
802,嘉峪关汽车站,3277
803,汪清县公路客运总站,101
804,松江河客运站,828
805,东辽县客运总站,17
806,高淳站,1032
807,沛县大屯站,9
808,崇武车站,890
809,龙岩客运站(老站),28400
810,庄头,2
811,白霓,31
812,张家界中心汽车站,33165
813,深圳市坪山汽车客运总站,1973
814,大学城,333
815,沿河汽车站,14270
816,宜宾市临港车站,1074
817,习水城西客运站,4
818,温江公交枢纽站,2672
819,测试汽车站,89
820,勃利县公路客运总站,5
821,奎屯市客运站,372549
822,武平中心站,2
823,秦安北站,1
824,岐山客运站,68960
825,旅游汽车站,136231
826,富蕴客运站,86596
827,泽普客运站,143168
828,通榆县公路客运总站,16062
829,桃浦站,430
830,泗洪北站,101422
831,兴化总站,172131
832,石湖站,504
833,黄邦山安置小区,400
834,冷格庄,5
835,许昌中心站,14670
836,常德汽车南站（桥南）,49
837,怀化汽车东站,22141
838,香洲长途站,3606
839,深圳市龙运发坪山长途客运站,1
840,定安翰林,25
841,安州花荄车站,2544
842,廉江汽车客运站,20
843,扶绥汽车总站,3
844,信丰县汽车站,5
845,北海南珠汽车站,28
846,襄阳汽车客运中心站,50
847,枝江客运站,1
848,钟祥宇风客运站,6
849,防城汽车站（防城港第一客运中心）,4
850,酒泉汽车站（西关）,2741
851,石河子火车站综合枢纽,486
852,230522001,1
853,沟东,2
854,方城汽车站,3064
855,偃师汽车站,1605
856,渔关,32741
857,湛江市廉江汽车客运站,1441
858,中山市城东汽车客运站,15765
859,广东惠州市,11
860,涪陵高山湾汽车站,1103
861,广元市客运站（南河）,11495
862,云阳汽车客运中心,36
863,凯里高铁南站景区直通车,275
864,南宁市金桥客运站,13
865,错那县客运站,2112
866,勉县汽车站,1247
867,和静县客运站,646727
868,231081002,8
869,虎林客运中心,5523
870,马鞍山汽车客运站,4377
871,保险公司,108
872,蓬莱车站,55223
873,辉县汽车站,77
874,淇县汽车站,43
875,荆门,51093
876,崇阳,22731
877,洞口汽车站,25
878,隆江镇第六招呼站,434
879,东莞市虎门汽车客运站,867
880,崇左国际客运服务中心,4459
881,湖南常德市,11
882,广西玉林,9
883,昌茂花园,16
884,奉节汽车站,210
885,资阳汽车客运中心,59385
886,绵阳秀水客运站,5
887,武陵源客运站,2
888,昌都汽车站,34534
889,榆林汽车站,191
890,卓尼县汽车站,199
891,太谷汽车站,397
892,阜蒙县长途客运站,11240
893,梅河口客运站,11312
894,建三江中心客运站,10535
895,如东洋口港站,30
896,建瓯东站,13368
897,上蛟高速口,26
898,兰溪,4
899,鲁山华运汽车站,18
900,襄城客运站,90903
901,大冶客运站,9564
902,万华车站,482
903,新化汽车站,58
904,津市汽车站,839
905,零陵汽车站,6718
906,澄海汽车客运站,87
907,百色城东客运中心,249
908,大坡,6
909,南部县汽车客运站,112
910,犀浦配客站,556
911,平武汽车客运站,520
912,酉阳汽车北站,16
913,安州(花荄)车站,27
914,宜昌汽车客运中心站,46
915,清溪汽车客运站,2
916,乌兰站,1248
917,东辽县公路客运总站,144
918,230127003,2
919,泗洪南站,169616
920,邳州汽车站,64907
921,如东栟茶站,12691
922,交通国税,3
923,莱芜,82
924,莱阳,10
925,青岛火车站,6786
926,潢川汽车站,7972
927,信阳新华路汽车站,276
928,恩施中心站,107796
929,五峰,7435
930,攸县汽车站,8845
931,麻阳汽车站,18504
932,新晃汽车站,3990
933,新进叉,13
934,南茂,5
935,广东江门,11
936,广西河池金城江,4
937,陈家坪汽车站,1718
938,马边客运站,4375
939,宜宾南溪金鸿客运中心,14232
940,若尔盖客运中心,86
941,永泰客运站,3
942,崇义县汽车站,1
943,南昌市长途汽车站,37
944,昆区汽车站,7
945,锦屏汽车客运站,111733
946,江达县客运站,1614
947,黎城汽车站,540
948,神池县汽车站,706
949,扶余市公路客运总站,6268
950,牡丹江客运总站,11349
951,穆棱市客运总站,4708
952,文成城南客运站,15758
953,常山客运中心,8961
954,附小,568
955,招远车站,61952
956,永城客运站,2
957,沅陵五强溪汽车站,1873
958,新兴汽车客运站,15708
959,郁南县飞凤汽车客运站,34
960,海南乌石,105
961,琼中营根,17
962,黔江西站,586
963,南充嘉陵客运站,101760
964,大余车站,3
965,集安客运站,8
966,枣阳市汽车站,2
967,延安汽车站,4
968,清涧客运站,92
969,彭阳汽车站,17060
970,明园客运站,15386
971,370724001,18
972,231182007,3
973,230102022,113
974,南岔区客运站,12475
975,南汇站,19499
976,无锡客运站,823327
977,绍兴客运中心,81368
978,滨州,14
979,烟台西站,1
980,东莞市汽车客运北站,712
981,华阳点,1
982,文昌东郊锦坡,2
983,澄迈昆仑,11
984,井研汽车客运站,3398
985,瓦子铺汽车客运枢纽站,3
986,蒙山汽车客运站,3
987,德惠公路站,1
988,岷县公用型汽车站,28158
989,祁连县汽车站,2172
990,长兴站,161
991,如皋港站,999
992,龙 岩二中,82
993,衡阳县站,618
994,吉首西口汽车站,89
995,慈利万福汽车站,11295
996,深圳市龙运通丹竹头长途客运站,1537
997,澄迈(金江)站,35476
998,琼中上安,9
999,遵义茅草铺车站,21754
1000,三明汽车站,3
1001,恩平西门客运站,4
1002,中山城东客运站,1
1003,兰州东站,35548
1004,兴县客运中心,140
1005,滁州南站,52
1006,本溪县客运站,36505
1007,三沙,183
1008,荥阳汽车站,2
1009,宜昌长途站,158421
1010,凤凰园汽车站,32939
1011,湛江南站汽车客运站,1971
1012,深圳东湖汽车客运站,145
1013,丹灶车站,219
1014,西乡塘客运站,6659
1015,淀粉厂,6
1016,广东化州市,38
1017,邛崃客运中心,6569
1018,宜宾兴文客运站,7830
1019,数博车站,23
1020,横店客运中心,869
1021,河源新城客运站,14
1022,钦州南站,9
1023,肇庆长途客运站,13
1024,龙州汽车总站,12
1025,抚松客运站,2
1026,红安县汽车站,3
1027,黄龙汽车站,927
1028,旬阳高客站,1
1029,怀集粤运客运站,1
1030,盘县汽车客运站,5812
1031,白山市公路客运西站,1449
1032,230622030,1
1033,长生站,3989
1034,常州卫校,2
1035,平潭,13143
1036,光泽汽车站,11155
1037,南山客运站,118
1038,沙墩,392
1039,泌阳汽车站,228
1040,英山,44955
1041,洞口高沙汽车站,1802
1042,广州汽车客运站,462
1043,清远石潭分站,318
1044,广安,10
1045,筠连汽车站,34465
1046,富锦公路客运总站,2
1047,叙永汽车站,71
1048,日喀则汽车总站,54631
1049,麦积汽车站,1373
1050,康平客运站,13993
1051,彰武中鑫汽车客运站,42296
1052,和龙市公路客运总站,20752
1053,230422005,4
1054,232721073,2
1055,饶河客运站,3550
1056,扬中站,58758
1057,如皋石庄站,4506
1058,五港站,318
1059,梅山车站,738
1060,单县汽车站,48393
1061,博山,5107
1062,武陟汽车站,275
1063,五三,4366
1064,罗田,81965
1065,胜利,1926
1066,广州市第二公共汽车公司东圃汽车客运站,733
1067,佛山市高明汽车客运站,82354
1068,儋州海头,75
1069,广东佛山顺德区,2
1070,广西钦州,5
1071,三拨,1
1072,澄迈文儒,1
1073,南川客运西站,524
1074,宜宾南岸汽车站,5021
1075,大庆长途客运总站,17
1076,咸宁市温泉中心客运站,9
1077,三穗汽车客运站,50203
1078,白银汽车站,9047
1079,甘肃云美旅国际酒店,3
1080,瓜州汽车站,1
1081,大洼客运站,18305
1082,通化客运站(老站),17187
1083,230524001,4
1084,230622028,2
1085,前进客运站,1213
1086,金山站,11913
1087,芜湖客运站,758
1088,安源站,168
1089,阳谷站,26313
1090,孝感,47252
1091,三峡机场,2422
1092,衡东站,2249
1093,衡阳中心站,88537
1094,永兴银都站,131
1095,广州市交通站场建设管理中心海珠汽车客运站,932
1096,南海汽车站,39
1097,吴川市汽车客运站,92
1098,恩平市西门汽车客运站,1
1099,澄迈瑞溪,1
1100,海南大学北门,112
1101,重长司荣昌汽车站,358
1102,南部县城西客运站,4281
1103,阆中汽车站,1918
1104,罗甸客运站,2201
1105,林西汽车站,1
1106,灵丘汽车站,1722
1107,松原市公路客运总站,79258
1108,图们市公路客运总站,11525
1109,露水河客运站,1705
1110,柳河公路客运总站,2501
1111,220402001,5
1112,230103044,77
1113,友谊客运站,1666
1114,安吉中心站,41394
1115,吉安中心站,16594
1116,枣庄高铁汽车站,137
1117,获嘉客运总站,39
1118,厚街车站,193
1119,惠州市城北汽车客运站,38
1120,白沙青松,6
1121,罗经,1
1122,江口客运站,10368
1123,成都城东客运站(琉璃立交旁),35409
1124,广安汽车总站(城北),4968
1125,德阳汽车客运北站,24496
1126,新都客运枢纽站,12364
1127,固原汽车站,92482
1128,昔阳汽车客运站,3
1129,雷山汽车客运站,29860
1130,富平县汽车站,83345
1131,康县汽车站,1332
1132,五台汽车站,26
1133,调兵山市客运站,2664
1134,徐州东站,126265
1135,淮安高铁站,1607
1136,连城汽车站,5960
1137,山亭站,3891
1138,固始汽车新西站,41
1139,洞庭站,6345
1140,城步汽车北站,9560
1141,湘阴高岭汽车站,545
1142,肇庆市粤运汽车运输有限公司怀集汽车客运站,31876
1143,四会汽车客运站,13277
1144,阳西县新圩汽车客运站,192
1145,西林客运服务站,10
1146,乐东站,53687
1147,广东茂名电白,4
1148,彭山汽车客运中心,157
1149,重庆机场T3长途汽车站,192
1150,渭南市运业汽车客运站,6437
1151,独山子客运站,137719
1152,博湖客运站,95407
1153,大连北岗桥客运站,53612
1154,白山市公路客运总站,56455
1155,镇赉县公路客运总站,24413
1156,九台市客运总站,7015
1157,高港汽车客运站,123
1158,土楼,9
1159,北马路,51803
1160,新泰总站,43734
1161,五莲车站,17951
1162,惠来汽车客运站,6450
1163,佛山市汽车客运站,9652
1164,桂林汽车客运南站,2439
1165,澄迈老城银海天城,34
1166,纳雍汽车站,14253
1167,广汉市汽车站(东门),28728
1168,德惠公路客运站,5161
1169,220283001,18
1170,禄口机场候机楼,3654
1171,交通技校,137
1172,福清北站,1483
1173,峡江巴邱汽车站,20
1174,博兴站,21752
1175,醴陵中心站,6597
1176,桂阳骏马亭汽车站,16973
1177,紫金县二运汽车客运站,268
1178,深圳市宝安西乡汽车站,1960
1179,合山汽车客运服务站,189
1180,邕宁汽车总站,13
1181,乐东尖峰路口,11
1182,澄迈和岭,17
1183,唐山汽车客运东站,24
1184,贵港西站,17
1185,石城县汽车站,1
1186,英山客运汽车站,3
1187,乌丹客运站,23997
1188,大连建设街客运站,55720
1189,222401007,6
1190,海宁客运中心,16827
1191,望江汽车站,64
1192,邵武汽车站,19164
1193,福安北站,21
1194,康美售票点,1
1195,瑶湖西招呼站,2
1196,莘县站,79523
1197,金乡站,46475
1198,沂源,61658
1199,邓州汽车站,2630
1200,内乡汽车站,2088
1201,尉氏汽车站,1004
1202,深圳(银湖)汽车站布吉配客点,136
1203,南宁江南客运站,6279
1204,莲花客运服务站,67
1205,定安路口,15
1206,白沙福妥,2
1207,儋州海头路口,1
1208,重庆西站汽车站,1013
1209,织金汽车站,25214
1210,德阳汽车南站,27106
1211,屏山锦之达客运站,2555
1212,北川城南汽车站,79
1213,三原客运站,60700
1214,张掖西站(西关车站),29491
1215,安泽汽车站,6
1216,永济市舜都汽车客运中心站,30
1217,沙圪堵站,540
1218,突泉客运站,9480
1219,盘锦市客运站,96355
1220,新民,170266
1221,梨树县客运站,1434
1222,溧水站,1405
1223,泰兴北新站,7370
1224,江阴新桥,889
1225,洞头新城站,31780
1226,和谐苑E区（武夷新区）,123
1227,增瑞,3
1228,南墅,1
1229,邵东汽车西站,12255
1230,化州汽车客运站,2827
1231,深圳福田汽车客运站,10276
1232,1|江屯站威整配客点,152
1233,武鸣汽车总站,639
1234,宾阳客货运输服务站,182
1235,坡寨,18
1236,新南门车站,5876
1237,宜宾高铁西站赵场客运中心,5029
1238,赫章汽车站,6387
1239,文县汽车站,408
1240,疏勒客运站,1602
1241,吐鲁番客运中心,13607
1242,句容客运站,257794
1243,萧县,29
1244,九华山,1
1245,临川车站,1411
1246,章丘,2
1247,安阳中心站,18386
1248,房县,79280
1249,钟祥,49425
1250,木鱼,4570
1251,东安交通中心汽车站,2387
1252,五指山站,40382
1253,开州中心客运站,1545
1254,梓潼客运中心,6995
1255,阆中市客运中心,31675
1256,华宁汽车客运站,5
1257,岑溪汽车客运站,12
1258,武鸣总站,3
1259,柳城汽车总站,3
1260,岩寺汽车站,41
1261,江源公路客运总站,7097
1262,太仓站,234806
1263,东营总站,123335
1264,孤岛汽车站,2898
1265,曲阜高铁,49303
1266,许昌汽车南站,559
1267,济源总站,19220
1268,漯河汽车南站,441
1269,宜州市汽车服务站,546
1270,乐东尖峰,17
1271,白沙天堂,2
1272,龙楼叉,1
1273,十公里,1
1274,白沙探扭,1
1275,荣县西门车站,22681
1276,彭州客运中心,1361
1277,琴潭汽车客运站,3
1278,平利客运站,21244
1279,旬邑汽车站,371
1280,辽源市高速客运站,30206
1281,濉溪县中心站,1395
1282,南丰客运东站,602
1283,济阳站,116475
1284,邵阳汽车东站,21246
1285,梅县松口汽车客运站,280
1286,清远连山小三江分站,1005
1287,桂平汽车总站,224
1288,海口民航宾馆,808
1289,临高美台,8
1290,琼海朝阳,1
1291,白沙地宝,1
1292,南平,3
1293,黔江南站,1584
1294,铜梁汽车总站(北站）,1039
1295,自贡汽车客运总站,199001
1296,石阡客运站,17870
1297,安顺客运东站,408274
1298,重庆长途汽车站(菜园坝),91
1299,仙居客运站,699
1300,榆林汽车南站,149
1301,宁德客运综合枢纽站,1
1302,玉门市汽车站,3420
1303,三河汽车站,5772
1304,150723001,9
1305,杭州客运中心站,105876
1306,临平汽车北站,3761
1307,安溪长坑,26
1308,铅山汽车站,64
1309,固始汽车站,7911
1310,阳春八甲站,1636
1311,阳春合水汽车客运站,10498
1312,天堂站,43
1313,天等客运服务站,1234
1314,环江汽车总站,621
1315,潼南凉风垭车站,1263
1316,旺苍客运中心站,6744
1317,东部客运站,62
1318,吴川汽车客运站,4
1319,高明汽车客运站,3
1320,山阳客运站,2
1321,岚皋汽车站,5
1322,音德尔客运站,22417
1323,宏伟区客运中心,2361
1324,伊通县公路客运总站,21370
1325,全安广场,9166
1326,长岭县客运总站,4038
1327,231123001,24
1328,祁门车站,184
1329,下洋车站,2
1330,建设,11
1331,悦庭酒店,2678
1332,临邑站,25384
1333,黄州,71504
1334,兴山,24261
1335,常德东部区域,1
1336,祁阳汽车站,1396
1337,开平汽车客运站,1407
1338,佛山市南海区汽车客运站,100
1339,深圳宝安鹤州售票点,190
1340,保亭站,18104
1341,仙沟,7109
1342,营山汽车客运站,17327
1343,乐山联运汽车站,13057
1344,修文客运站,279
1345,通莎客运站,13
1346,长白客运站,2
1347,渭南市运业客运站,21336
1348,西吉汽车站,30939
1349,尼勒克客运站,778
1350,合肥新亚汽车站,15783
1351,北镇,19590
1352,龙井市客运总站,4
1353,泰来县客运中心,15797
1354,泰兴总站,275328
1355,洪泽,61862
1356,斜滩,366
1357,南昌汽车西站,21042
1358,登封汽车总站,20941
1359,鹤壁淇滨总站,10253
1360,汝州中心站,385
1361,京山,9385
1362,宜都,77232
1363,清远连山汽车客运站,4789
1364,开平水口汽车客运站,7359
1365,顺德汽车客运站,13551
1366,佛山市龙山汽车客运站,3716
1367,深圳市宝安松岗汽车客运站,278
1368,邦溪立交,11
1369,米易汽车站,3106
1370,泸沽湖旅游集散中心(景区),46
1371,上海长途客运南站,193
1372,敦煌汽车站,6763
1373,荆门汽车客运南站,7
1374,哈巴河客运站,89681
1375,新塘客运站,1
1376,民航售票处,75386
1377,多伦客运站,2442
1378,220602001,9
1379,哈尔滨市双城区客运总站,163870
1380,开化客运中心南站,36878
1381,靓典家具,72
1382,夏津汽车站,23876
1383,绥宁汽车站,13
1384,五华汽车站,11416
1385,东莞市石龙汽车客运站,1043
1386,肇庆高新区汽车客运服务站,98
1387,云城金山汽车客运站,901
1388,北流总站,4178
1389,临高调楼,231
1390,文昌迈南,2
1391,儋州西联,3
1392,保亭毛岸,6
1393,海南银行,10
1394,江津客运中心,2090
1395,绵阳平政汽车站,47365
1396,宜宾市高速公路客运站,58106
1397,凯里城南汽车站,10428
1398,岳池综合客运枢纽站,17960
1399,罗江汽车站,3278
1400,乌鲁木齐高铁汽车站,3080168
1401,揭阳岐山客运站,1
1402,宜州汽车服务站,17
1403,城北客运站,7885
1404,麦盖提客运站,567051
1405,石河子开发区客运站,67257
1406,且末客运站,40022
1407,壶关汽车站,2964
1408,祁门站,968
1409,马鞍山长途站,9790
1410,呼和浩特长途汽车站,4512
1411,德惠市公路客运站,1013
1412,泰州南站,292670
1413,高港北站,2400
1414,鹿寨城南汽车客运服务站,46
1415,广东高州,3
1416,资阳市乐至县汽车站（六十队),27665
1417,临江口岸站,4
1418,柳河客运站,1
1419,霞浦汽车站,4
1420,宾阳汽车总站,1
1421,汉中汽车站,507
1422,西宁中心站,28763
1423,乘车站名称,2
1424,长子汽车站,592
1425,合肥汽车客运西站,17392
1426,宝昌汽车站,1110
1427,铁岭市综合客运枢纽站,4
1428,西安桥外,1512
1429,230702005,556
1430,230302001,97
1431,230707001,1
1432,鹤岗公路客运中心站,15409
1433,南浦大桥站,4025
1434,东山铜陵,374
1435,龙岩中心站(火车站),13333
1436,萍乡汽车站,6158
1437,玉山,604
1438,烟台国际机场,96262
1439,泺口站,2066
1440,陵城汽车站,2866
1441,青白江客运站,3901
1442,安岳东门汽车客运站,321
1443,南昌西站,44
1444,天津西站长途汽车站,59
1445,都昌汽车总站,8
1446,高台西关汽车站,11942
1447,于田客运站,13630
1448,丰县汽车站,141370
1449,如皋白蒲站,12132
1450,东阳西站,871750
1451,永定汽车站,12849
1452,五龙村,29
1453,西园镇(可人头大桥),22
1454,温县中心站(老站),3816
1455,辰溪汽车站,13419
1456,上思汽车客运服务站,1106
1457,文昌铺前,110
1458,黄竹叉,10
1459,澄迈福山口,4
1460,广西南宁市,23
1461,成都石羊场车站,109292
1462,宁蒗客运站,4
1463,平凉汽车东站,35438
1464,长沙汽车东站,46
1465,兰州客运中心站,13
1466,武都汽车站,2562
1467,武鸣汽车站,1
1468,聂拉木县客运站,15
1469,秦安县汽车北站,1743
1470,岳普湖客运站,357882
1471,义县客运站,6520
1472,230882002,4
1473,231025006,3
1474,方正县鹏程公路客运站,5310
1475,江坊加油站,20
1476,烟台南站,11
1477,枣庄汽车南站,372
1478,宛运淅川汽车站,135
1479,太康汽车站,743
1480,湘乡市汽车站,37638
1481,韶关乳源汽车客运站,2839
1482,广州市交通站场建设管理中心滘口汽车客运站,4513
1483,上冲站,814
1484,神泉镇第四招呼站,4
1485,龙胜总站,82
1486,凌云汽车站,11
1487,广东茂名,6
1488,定安龙河,3
1489,福建漳州漳浦县,3
1490,五指山毛阳,1
1491,合川总站,759
1492,威远县客运站,41775
1493,麻江汽车站,7322
1494,银川旅游汽车站,1676
1495,唐家汽车客运站,5
1496,第八师长运旅客集散中心客运站,2735
1497,天水汽车西站,1277
1498,兰州南站,27287
1499,中宁汽车站,39828
1500,沙圪堵汽车站,30
1501,四平公路客运总站,31181
1502,丁山站,16052
1503,石台站,3
1504,尤溪,7538
1505,上饶东站,222
1506,皇冠假日酒店,1692
1507,陶然站,74467
1508,街河市,61
1509,冷水江汽车站,56
1510,桃江灰山港车站,168
1511,五金街点,37
1512,大亚湾汽车客运站,243
1513,东莞市石排汽车客运站,293
1514,儋州洋浦立交,2
1515,北碚客运中心,667
1516,荥经汽车站,7410
1517,汕头潮阳客运站,2
1518,黄果树客运站,22
1519,荔浦汽车总站,9
1520,凤翔汽车站,1
1521,运城市客运中心站,14284
1522,保德汽车站,131
1523,合肥客运中心站,22948
1524,察右后旗汽车站,11
1525,达旗中心站,210
1526,大石桥市汽车客运站,14230
1527,浏河站,52048
1528,烟台西,79296
1529,禹城汽车站,21698
1530,石花,5159
1531,枣阳,90921
1532,湘潭汽车西站,27493
1533,阳春圭岗汽车客运站,334
1534,琼中阳江农场,34
1535,定安永丰,17
1536,屯昌枫木,58
1537,眉山汽车客运站,33883
1538,毕节西站,10980
1539,泾川客运站,1
1540,柳州南站,27
1541,长顺汽车客运站,46392
1542,加查县客运站,4200
1543,稔田,106
1544,山后,5
1545,嘉祥站,25433
1546,沙河大骋,1696
1547,烟台工贸,570
1548,深圳龙岗长途汽车客运站,5070
1549,3|江屯站地豆配客点,32
1550,琼海站,38996
1551,峨眉山九珠客运中心,8852
1552,邻水汽车客运中心,97247
1553,云县汽车客运站,5
1554,巫山翠屏汽车客运站,13
1555,黄岩客运中心,608
1556,上海青浦客运站,2
1557,柞水汽车站,2
1558,南充市城北汽车站,132
1559,兰州新区客运中心站,849
1560,台州西站,146290
1561,龙田,838
1562,恒宝城市广场,764
1563,福州华威站,27614
1564,宏村站,145
1565,明水,33
1566,费县,16802
1567,邹平站,55837
1568,磁窑站,875
1569,通许汽车站,20543
1570,上街汽车站,16
1571,陆丰碣石汽车站,4010
1572,文昌东坡,16
1573,屯昌大陆坡,5
1574,上高西站,2
1575,上海高桥长途汽车站,2
1576,周宁汽车站,8
1577,樟树京九汽车站,1
1578,托里县客运站,682283
1579,淮北市客运中心站,54714
1580,二连浩特国际汽车站,4611
1581,苏家屯,121
1582,延吉东北亚客运北站,3198
1583,231124002,7
1584,新西站,7551
1585,深沪售票点,27
1586,深圳市龙岗坪地汽车客运站,97
1587,昭平县汽车客运服务站,1234
1588,临高新盈票点,1942
1589,文昌会文,52
1590,安化城南汽车站,4
1591,会昌汽车站,7
1592,红门客运站,14
1593,泸沽汽车站,106
1594,富县汽车站,2450
1595,屯溪,3510
1596,海林市公路客运站,11710
1597,川沙站,63983
1598,薛城汽车站,2505
1599,茶陵汽车站,8743
1600,常德市区（上门接送）,5
1601,梅州汽车客运站,9062
1602,富川汽车客运站,830
1603,忻城汽车客运服务站,14
1604,万盛客运中心,1241
1605,富顺县客运中心,50048
1606,从江客运站,28419
1607,达州汽车南站,30078
1608,巴塘汽车站,1748
1609,台州市客运中心(路桥),95
1610,竹溪客运站,8
1611,南川西路客运站,5537
1612,化州河西客运站,6
1613,汕头汽车客运站,6
1614,福州汽车南站,6
1615,甘泉汽车站,142
1616,宝鸡中心站,1696
1617,汉中城东客运站,3
1618,广灵汽车站,2195
1619,沁县汽车站,69
1620,高速站客运站,142815
1621,天定山滑雪场,1
1622,230381097,2
1623,广陵站,477
1624,江都汽车客运站,64896
1625,蒙城站,42
1626,农大博才宾馆,21
1627,舞阳汽车站,1426
1628,南乐汽车站,4
1629,航海客运站,14531
1630,檀林,207
1631,永兴县金都汽车站,13623
1632,韶关客运站,208
1633,大埔汽车客运站,44
1634,保亭三道农场,5
1635,贵阳金阳站,23120
1636,安顺客运西站（高铁西站旁）,91
1637,略阳客运站,1
1638,碧口汽车站,260
1639,凤城,76316
1640,长春市客运中心站,1099
1641,延吉西站,751
1642,230902002,136
1643,230521003,1
1644,宁安市客运总站,6232
1645,江阴大运,42
1646,永嘉上塘客运站,781
1647,丹阳,718
1648,清流,3864
1649,黄城车站,34199
1650,海阳,40
1651,广场站,143663
1652,祁东站,1548
1653,汕尾汽车客运站,11109
1654,广州市交通站场建设管理中心芳村汽车客运站,848
1655,罗定汽车客运站,32447
1656,溪西镇第三招呼站,24
1657,武宣汽车客运服务站,285
1658,文昌东阁,37
1659,临高龙波,1
1660,新宁路客运站,35012
1661,江源客运总站,9
1662,湛江海田客运站,10
1663,安溪西坪汽车站,1
1664,聂荣县客运站,3242
1665,定西汽车北站,30155
1666,合作汽车南站,3467
1667,兵团第九师客运站,26602
1668,呼和浩特长途站,6120
1669,230624017,213
1670,宿迁汽车站,232994
1671,昆山北站,343
1672,丹阳公交总站,39507
1673,常州旅游学校,4
1674,辛庄卡口,1
1675,贾汪站,2
1676,烟台南,24315
1677,莒县车站,33259
1678,禹州第一汽车站,19
1679,陵南客运站,1
1680,保靖县汽车站,11514
1681,娄底湘运汽车站,14235
1682,东莞市常平汽车客运站,2580
1683,汽车北站,478
1684,琼海路口,968
1685,澄迈老城,31
1686,重庆汽车站,585
1687,西彭汽车站,10
1688,昭觉寺车站,1632
1689,汕头岐山客运站,1
1690,阳朔汽车总站,78
1691,杏林汽车站,1
1692,江口梵净山车站,31
1693,长沙星沙汽车站,1
1694,华亭汽车站,4037
1695,铜川汽车站,49766
1696,陇县汽车站,3
1697,靖远汽车站,11154
1698,山丹县汽车西站,20122
1699,陇南市成县汽车站,8048
1700,岚县客运站,117
1701,通达长途汽车站,273
1702,230523006,8
1703,同江国际客运站,10198
1704,灌南客运总站,42023
1705,兰溪西站,177434
1706,柘荣,361
1707,北泊,1
1708,广饶汽车总站,4052
1709,阳信站,13162
1710,沙市长途站,102524
1711,襄州汽车客运站,61762
1712,凤凰汽车客运总站,17839
1713,韶关南雄汽车客运站,23015
1714,广州市交通站场建设管理中心夏茅汽车客运站,145
1715,茂名中心站,1485
1716,汕头市汽车客运站,26
1717,汕头礐石汽车客运站,23
1718,汕头潮南区粤运汽车客运站,18
1719,柳城汽车客运服务站,39
1720,琼海烟塘,18
1721,城西客运站,7966
1722,安康高客站,117444
1723,大同棚户区汽车站,211
1724,瓦房店,113312
1725,230127001,2
1726,观音机场,43143
1727,南通西站,490
1728,南平建阳站,16233
1729,古田会址站,24
1730,上南村,11
1731,龙山,12
1732,临沂北站,10954
1733,鲁东大学蓬莱校区,242
1734,洛阳汽车站,53141
1735,南阳西站,21876
1736,武穴站,91683
1737,浠水,59146
1738,老车站,4
1739,宜章车站,120
1740,松柏汽车站,5636
1741,东莞黄江配客点,11
1742,阳朔总站（阳朔北站）,425
1743,港口汽车客运服务站,1089
1744,都安汽车总站,1781
1745,容县城南客运服务站,290
1746,乐东三平,2
1747,广西河池大化,4
1748,宝兴汽车站,574
1749,宣汉客运站,10295
1750,兵团奎屯客运站,4137
1751,盘县红果汽车客运站,82776
1752,咸阳北站,29369
1753,朔州汽车客运北站,5812
1754,陕坝汽车站,5
1755,锦州客运南站,1387
1756,双鸭山客运总站,9017
1757,嘉善县客运中心,11368
1758,新乡汽车东站,10220
1759,十堰南站,60480
1760,仙桃,125448
1761,娄底汽车站,20
1762,三江汽车客运服务站,40
1763,岑溪汽车客运服务站,3445
1764,上林县客运服务站,23
1765,北碚总站,2
1766,安顺旅游集散中心,23925
1767,十陵车站,2461
1768,汉阴汽车站,9648
1769,合山汽车站,2
1770,浏阳汽车西站,15
1771,米林县客运站,5296
1772,长武客运站,11498
1773,周至客运站自助机,4402
1774,沈阳五爱深港客运站,32450
1775,阜新枢纽客运站,27
1776,集安市公路客运总站,9347
1777,231226001,9
1778,230604011,5
1779,逊克县公路客运站,15900
1780,同里站,3056
1781,温州牛山站,93192
1782,摩天岭,1
1783,长沙南,141663
1784,浏阳西,55571
1785,安江汽车站,9389
1786,深圳市龙岗龙东汽车客运站,536
1787,站C出口(肯德基路边),3
1788,乐东黄流站,7465
1789,乐至北门汽车站,5203
1790,大英士博车站,156
1791,阿荣旗汽车站,3
1792,清涧汽车站,1
1793,越西汽车站,2
1794,拉孜县客运站,2308
1795,右玉汽车站,889
1796,合肥汽车站,86329
1797,230128001,4
1798,密山市客运中心,32671
1799,南京客运南站,15248
1800,温州双屿站,49792
1801,乐平车站,16280
1802,滑县汽车站,971
1803,郏县新汽车站,332
1804,罗定市素龙客运站,265
1805,广西超大横县客货运服务中心,80
1806,文昌隆丰,19
1807,保亭新政,44
1808,儋州海头立交,46
1809,资阳汽车客运站(北门),12763
1810,大竹客运站(双马),38587
1811,荣昌汽车站(69队),7
1812,朔州客运北站,26
1813,水口汽车客运站,2
1814,郴州城际大巴站,1
1815,庄浪汽车站（南站）,8468
1816,泾源汽车站,16280
1817,榆树市公路客运总站,15442
1818,23011101,449
1819,无锡东站,19903
1820,如东马塘站,2074
1821,沅陵县五强溪汽车站,14
1822,阳西禾塘站,3
1823,深圳宝安客运中心汽车站,3910
1824,澄迈中兴,7
1825,儋州老根,2
1826,达州市汽车北站,226
1827,大邑客运站,599
1828,荔波小七孔车站,138
1829,徐坊客运站,60
1830,南县兴盛南站,6
1831,中川机场站,267238
1832,平凉,10
1833,河南县汽车站,164
1834,盐池汽车站,12814
1835,盘锦市长途汽车客运站,46813
1836,2304,1
1837,集贤县客运站,5105
1838,苏州西站,1724
1839,梧村,9841
1840,管前,5
1841,广丰,256
1842,监利,45851
1843,广州市广园汽车客运站,495
1844,阳春双滘站,2348
1845,广宁县江屯汽车客运站,1803
1846,平南汽车总站,374
1847,广州南站,2
1848,广西玉林容县,8
1849,理塘县汽车站(康南客运中心),2033
1850,黑水汽车站,2314
1851,丹巴客运站,5135
1852,柳州旅游集散中心,11
1853,佳木斯公路客运枢纽站,66
1854,深圳汽车站（原银湖汽车站）,14
1855,东华客运站,4
1856,金竹汽车站,4
1857,230882001,3
1858,230184003,1
1859,231223088,1
1860,如东汽车站,151394
1861,如东双甸站,408
1862,武平汽车站,5114
1863,考训场,12
1864,龙门镇政府,26
1865,碧水公园,3
1866,郯城,3802
1867,沈丘客运北站,375
1868,古河,184
1869,安仁汽车站,6141
1870,隆江镇第四招呼站,107
1871,茂名信宜南站,3042
1872,五华环城汽车客运站,493
1873,中山市汽车客运站,19406
1874,临高加来票点,5081
1875,文昌冯坡,46
1876,广东廉江市,1
1877,琼海朝阳培兰,2
1878,澄迈谭城,1
1879,渠县汽车北站,23441
1880,磐石客运站,1
1881,临洮汽车北站,56328
1882,海北州汽车站,7230
1883,乌鲁木齐南郊客运站,10306
1884,离石汽车客运总站,1103
1885,鄂尔多斯市客运总站,26067
1886,卫星广场站,1637
1887,延吉客运总站,1950
1888,230403001,11
1889,穆棱镇客运站,6405
1890,吴淞站,6217
1891,凤阳西汽车站,1
1892,枋湖,18640
1893,十方汽车站,769
1894,滨州总站,141787
1895,兰陵,131358
1896,罗定市罗镜汽车客运站,2171
1897,宝安客运中心,231
1898,上林汽车总站,1098
1899,北流市客运中心,167
1900,文昌龙马叉,3
1901,成都北门车站(梁家巷),198943
1902,瓮安汽车南站,12474
1903,荣昌富吉汽车站（三级车站）,24
1904,惠水客运站,1566
1905,机场车站,171
1906,忻州汽车站,4
1907,鄱阳客运总站,11
1908,宏泰客运中心站,1
1909,汕尾市霞洋客运站,1
1910,嘎鲁图汽车站,857
1911,平庄汽车站（旧）,6450
1912,230229001,49
1913,泰州京泰站,11849
1914,社客站,2230
1915,江田,940
1916,古田镇政府,112
1917,遂川汽车站,17130
1918,西峡汽车站,2492
1919,郑州西站,25599
1920,南县大通湖汽车站,167
1921,陆河县汽车客运站,2638
1922,仙庵镇第四招呼站,24
1923,东莞樟木头振通配客点,57
1924,贵港汽车总站,244
1925,琼中营根站,39205
1926,广东深圳,15
1927,乐东利国,70
1928,文昌宋六,7
1929,重庆开县,1
1930,瑞昌汽车站,1
1931,长阳客运中心站,1
1932,凭祥客运总站,1
1933,秦安汽车北站,79
1934,本溪县中心客运站,158457
1935,230103004,24
1936,九三局直客运站,2561
1937,海安曲塘站,3663
1938,余姚长途站,166027
1939,福州北站,69239
1940,抚市中学,3
1941,上饶客运中心站,11743
1942,泰安站,217506
1943,菏泽东站,56113
1944,洛宁汽车站,151
1945,公安,55607
1946,阳逻,1188
1947,王江站,995
1948,陆丰市城北客运站,3879
1949,定安文笔峰,4
1950,白沙光雅,11
1951,万州汽车南站,6
1952,富顺城东客运站,2845
1953,江津白沙汽车站,1
1954,崇左国际客运中心,40
1955,慈利汽车东站,5
1956,包头东河汽车站,9
1957,晋城市客运东站,1509
1958,宁武汽车客运站,771
1959,锦山客运站,150
1960,230381003,6
1961,安达市公路客运站,18472
1962,徐州西站,87840
1963,灌南县汽车客运站,78
1964,东阳东站,987299
1965,石狮服装城车站,4714
1966,福安,29575
1967,福鼎北站,1597
1968,威海,72
1969,钢城站,7269
1970,郓城汽车站,41116
1971,庆云县汽车站,5697
1972,巩义长途汽车站,8929
1973,洛阳龙门客运中心,5749
1974,安陆,29979
1975,南岳汽车站,9043
1976,恩平市汽车客运站,749
1977,北海和信客运中心,1895
1978,文昌新桥,1
1979,纳溪河东车站,688
1980,高坪汽车站,95
1981,蒙自汽车客运站,2
1982,都匀汽车客运东站,13232
1983, 陈仓客运汽车站,33527
1984,华亭客运中心,1434
1985,双辽市客运总站,2391
1986,230712001,2
1987,230103007,26
1988,沪铁站,30657
1989,张渚车站,2652
1990,东海客运北站,12039
1991,桐庐中心站,434259
1992,湖州绿色东站,54296
1993,岩前,19
1994,河东车站,25642
1995,南阳南站,3462
1996,隆回汽车西站,10093
1997,沅江百合汽车站,740
1998,江门汽车客运站,2474
1999,江屯站威整配客点,11
2000,来宾汽车总站,106
2001,儋州八一场,1827
2002,广东阳江,11
2003,白沙大岭,2
2004,龙泉阳光城车站,252
2005,象山县汽车客运中心,2173
2006,电白客运中心站,7
2007,武隆县客运站,3
2008,武宁汽车站,3
2009,高崎汽车站,1
2010,宏村,81
2011,231182001,3
2012,河田客运站,350
2013,红坊,56
2014,平潭新车站,1341
2015,岵山侨乡售票点,2
2016,乐安,10483
2017,烟台,96
2018,院上,6
2019,枣庄汽车西站,4166
2020,沁阳市汽车站,4819
2021,三峡职教园,86
2022,五华夏阜点,1
2023,天峨汽车总站,1415
2024,合浦县汽车客运中心,188
2025,海口东站,120829
2026,广东信宜,12
2027,云南昆明,5
2028,巫溪上古汽车站,240
2029,江南枢纽（长生桥车站,1
2030,瓦子铺枢纽站(永川汽,12
2031,成都双流机场车站,15311
2032,洪雅客运中心,18281
2033,金川客运中心,729
2034,九寨沟口长途客运站(官方),875
2035,通化县客运站,1
2036,惠州仲恺汽车客运站,21
2037,桐庐分水汽车站,3
2038,宁明客运总站,1
2039,上林客运总站,23
2040,太白客运站,15193
2041,莎车县客运站,475667
2042,本溪市,154204
2043,喀左客运站,114150
2044,凌海,61240
2045,230822001,9
2046,淮安东站,49887
2047,杭州汽车西站,35937
2048,玉屏桥公交站,368
2049,水吉,8
2050,夏格庄,6
2051,德州总站,93345
2052,桓台,5995
2053,岳阳站,4870
2054,东莞市汽车客运东站,11941
2055,德庆凤村站,283
2056,珠海海洋科学酒店,31
2057,横县汽车总站,1147
2058,恭城总站,32
2059,乐业汽车站,1
2060,定安雷鸣,76
2061,三亚崖城,15
2062,澄迈新吴,4
2063,广西百色平果,3
2064,长宁竹海客运中心,1137
2065,双流客运中心,1222
2066,肇庆城东客运站,34
2067,韶关南雄客运站,2
2068,青山客运站,5
2069,会宁县亚欧桥汽车站,18434
2070,灵武汽车站,17853
2071,海城长途客运站,49286
2072,靖宇县公路客运总站,8091
2073,安广客运站,3616
2074,十方高速口,30
2075,福鼎南站,4267
2076,连城高速口,26
2077,上栗车站,233
2078,威海凯顺票务中心,80
2079,刘家场,235
2080,南岳机场,1
2081,惠来葵西客运站,7351
2082,中山市城南汽车客运站,273
2083,容县总站,1111
2084,思南城北客运站,16055
2085,成都茶店子车站,212631
2086,石羊场车站,4620
2087,中江城北车站,5863
2088,平果客运站,3
2089,花土沟车站,3065
2090,白山市公路西客运站,9047
2091,210103001,118
2092,230126020,2
2093,大庆客运集团公路客运西站,219
2094,盐城汽车北站,44449
2095,广饶站,4440
2096,峰口,5103
2097,石门县汽车站,831
2098,耒阳五里牌汽车站,17188
2099,武冈汽车东站,412
2100,河源汽车客运站,22137
2101,大沥汽车站,2865
2102,定安王介,10
2103,东方,2
2104,广西宜州,1
2105,林场,1
2106,万州汽车北站,56
2107,城东客运站,322
2108,白玉县汽车站,465
2109,新发地长途客运站,31
2110,鄂尔多斯客运总站,6
2111,太原客运东站,12021
2112,滁州北站,462
2113,通辽汽车站,11209
2114,辽中客运站,390
2115,230382003,2
2116,230781086,1
2117,古溪站,2765
2118,蔡桥站,42
2119,六安汽车客运东站,1
2120,临清站,56618
2121,项城联营汽车站,48
2122,临颍汽车站(人民路),2878
2123,丹江口,8464
2124,普宁流沙汽车客运站,4120
2125,三塘点,20
2126,棉洋点,3
2127,文昌抱罗路口,32
2128,琼中湾岭,53
2129,琼海大路,31
2130,三门坡,7
2131,永川客运中心站,767
2132,平昌县城东汽车客运站,303
2133,西充客运中心(东站),7071
2134,毕节汽车北站,23619
2135,竹山客运站,3
2136,丹寨汽车客运站,58872
2137,贵南县汽车站,744
2138,岢岚汽车客运站,5293
2139,231181004,2
2140,230102023,2
2141,桐乡中心站,43435
2142,三山,677
2143,紫金学院,473
2144,东方海天酒店,542
2145,民权汽车站,1132
2146,郑州南站,81761
2147,孟州汽车站,669
2148,许昌豪华站,188
2149,兴宁汽车客运站,17692
2150,雷州市客运中心站,843
2151,金秀头排客运服务站,2
2152,儋州西培,3
2153,巫山翠屏汽车站,1030
2154,雷山汽车站,608
2155,芒市汽车客运北站,2
2156,松山湖汽车客运站,3
2157,大同客运东站,4
2158,永安汽车站,3
2159,五原客运站,2
2160,金华市东阳客运东站,1
2161,都兰汽车站,677
2162,双阳客运站,1655
2163,230102002,209
2164,客运总站,28188
2165,塔河客运站,1895
2166,海安汽车站,107080
2167,练塘卡口,20
2168,森林公安,1
2169,肥城站,108411
2170,周村,2254
2171,夏邑总站,116
2172,成都十陵车站,60091
2173,宜都客运站,2
2174,白城中心站,8
2175,玉田汽车客运站,1
2176,石泉县城际客运站,6805
2177,张掖南站,38
2178,乌拉盖汽车站,30
2179,通化市公路客运总站,3313
2180,230921001,17
2181,230111002,7
2182,海安雅周站,3006
2183,白金汉爵,123
2184,青田汽车客运站,14809
2185,乐清客货运中心,66070
2186,高崎,8910
2187,平和车站,811
2188,郭店,1
2189,中心站,22882
2190,微山站,15839
2191,周口汽车东站,2760
2192,信阳汽车站,11069
2193,长葛客运枢纽站,183
2194,岳阳汽车站,18430
2195,恩平西门汽车客运站,451
2196,斗门汽车客运站,2396
2197,珠海湖心路口客运站,76
2198,揭西河婆汽车客运站,224
2199,中山市大涌汽车客运站,9
2200,桐木客运服务站,1
2201,富顺县城东客运站,63
2202,四会槎山客运站,3
2203,观澜汽车客运站,8
2204,韶关汽车南站,9
2205,洛南客运站,1
2206,乾安县公路客运总站,8852
2207,长途南站,790026
2208,宁海客运中心,111298
2209,象山中心站,78063
2210,人民广场,97
2211,沈丘东关站,1019
2212,固始顺达客运站,260
2213,博爱客车站,67
2214,白地市车站,116
2215,太平汽车客运服务站,73
2216,龙洲湾汽车站,546
2217,长寿汽车总站,1116
2218,凯里客车站,460165
2219,清远新城客运站,30
2220,开江客运总站,329
2221,龙岗长途汽车客运站,11
2222,剑河汽车客运站,76741
2223,比如县客运站,5165
2224,合阳客运站,31517
2225,长春龙嘉机场,31933
2226,望奎客运站,10688
2227,南通汽车站,255433
2228,淮安北站农公站,4759
2229,襄阳旅游长途客运站,50265
2230,耒阳中心站,3194
2231,嘉禾金田汽车站,2019
2232,深圳市龙岗汽车客运站,2294
2233,珠海南溪汽车客运站,169
2234,珠海横琴湾酒店,43
2235,云南文山,24
2236,苗圃,4
2237,乐东九所,56
2238,琼中腰子,30
2239,万宁神州半岛,3
2240,泗县汽车站,2
2241,平罗汽车站,41549
2242,金溪汽车站,2
2243,略阳汽车站,364
2244,高平市客运中心,1997
2245,临江口岸公路客运总站,11413
2246,永泰,12412
2247,高梧,51
2248,丘坊村委会,3
2249,景德镇短西,19
2250,临沂总站,371942
2251,松滋,97349
2252,蕲州,1041
2253,怀化客运枢纽站,45
2254,深圳市宝安汽车客运站,31733
2255,阳春潭水站,1787
2256,阳春岗美站,1567
2257,潮阳区汽车客运站,21
2258,海口三江农场,10
2259,乐山客运中心站,61163
2260,成都新南门车站,129502
2261,广安客运枢纽站(南站),2148
2262,乐山肖坝旅游汽车站,4277
2263,义祠汽车客运站,10
2264,红桥客运站,7
2265,东站汽车客运站,8
2266,龙岩汽车客运中心站,1
2267,扶风汽车站,111517
2268,汉中枢纽站,1029
2269,通化县北兴快大站,1399
2270,长春客运北站,117
2271,如东丰利站,8723
2272,象湖,19
2273,安溪金火中学,1
2274,崇仁,10682
2275,沂南站,45080
2276,临颍汽车站,18819
2277,桑植县玉家台汽车站,11185
2278,宜章汽车站,13634
2279,连平汽车客运站,14972
2280,汕头市汽车总站,7719
2281,市桥汽车站,667
2282,广东广州市,32
2283,广东潮州饶平县,4
2284,乐东万仲,3
2285,德昌县汽车客运站,8946
2286,平坝汽车站,102101
2287,黄石综合客运枢纽站,28
2288,清远连州客运站,9
2289,郑家坞镇交通运输服务站,4
2290,合作市合作公用型汽车站,6439
2291,220182009,1
2292,230881110,1
2293,甘南县客运总站,19407
2294,扬州东站,147506
2295,港区车站,7055
2296,盐都汽车站,8331
2297,南门客运站,2031
2298,郸城中心站(孔桥站),1589
2299,清远新城汽车客运站,118105
2300,广宁汽车客运站,18869
2301,东莞市南城汽车客运站,44105
2302,珠海拱北通大汽车客运站,451
2303,儋州木棠,57
2304,东山桥,44
2305,江油汽车客运站,38700
2306,遂宁城北客运站,41798
2307,北部客运站,79
2308,巫溪长途汽车客运站,2
2309,蒲城客运中心站,53389
2310,华亭县客运中心,6772
2311,新桥机场,1249
2312,230622025,3
2313,南安车站,199
2314,一号线员工,5
2315,商河总站,56467
2316,杞县汽车站,3173
2317,宝丰,17731
2318,江华汽车站,7020
2319,郴州城际大巴客运站,12209
2320,南宁埌东客运站,21954
2321,金桥客运站,864
2322,陵水站,7006
2323,琼中乌石,25
2324,屯昌大同,1
2325,合川客运中心站,59
2326,长沙长株潭汽车站,25
2327,临安汽车东站,244
2328,丹棱客运中心,572
2329,佛山汽车客运站,20
2330,北流汽车总站,7
2331,浦北总站,2
2332,定边汽车站,328
2333,薛家湾汽车站,8708
2334,淮安北站,208025
2335,高沟站,4079
2336,震泽站,6803
2337,顺昌汽车站,11896
2338,万年汽车站(新),126
2339,青岛东站,51792
2340,焦作客运总站,32246
2341,叶县汽车总站,1637
2342,安平车站,111
2343,华伟点,45
2344,雷州总站,539
2345,里建客运站,312
2346,钟山客运服务站,169
2347,三亚海棠湾,66
2348,忠县汽车总站,1097
2349,红果汽车站,8440
2350,内江综合客运中心站,9
2351,双桥汽车站,10
2352,兴宁东岳宫客运站,7
2353,天镇县汽车站,1030
2354,介休汽车客运站,92
2355,庄河,70409
2356,蛟河客运站,477
2357,232722006,4
2358,古田纪念馆,70
2359,中堡,3
2360,荣成站,6476
2361,龙州汽车客运服务站,858
2362,福山补票点二,127
2363,屯昌南坤,24
2364,屯昌南吕,5
2365,广西桂林,5
2366,西乡县汽车站,8
2367,松滋客运站,5
2368,龙岗总站,2
2369,申扎县客运站,1192
2370,精河客运站,209
2371,合肥市省客汽车站,2468
2372,通达南站,330
2373,延吉市客运西站,3686
2374,集安市公路客运站,3065
2375,231202009,1
2376,克东县运输公司客运站,14977
2377,池州,43
2378,闽清,7385
2379,昌乐汽车站,3024
2380,项城长途汽车站,4742
2381,南召汽车站,2223
2382,利川,7785
2383,新宁汽车站,94
2384,电白汽车客运站,1078
2385,遂溪总站,332
2386,茂名高州站,802
2387,定安新竹,37
2388,屯昌什流黑,14
2389,文昌迈号,18
2390,福建泉州市,2
2391,定安儒木塘,3
2392,雅江客运中心,1348
2393,大新客运总站,6
2394,宜昌长途汽车站,3
2395,松原宁江区站,12
2396,武宣汽车站,5
2397,林芝客运站,86079
2398,民勤客运中心站,903
2399,沁源县汽车客运中心,57
2400,左云汽车站,151
2401,拉布大林安通汽车客运站,616
2402,宽甸,162283
2403,绥滨县客运站,2152
2404,三明东,4473
2405,吾祠,3
2406,永平车站,10
2407,淅川县汽车站,404
2408,襄阳,1013
2409,深圳市龙岗横岗长途汽车客运站,1762
2410,茂名市化州北岸汽车客运站,5
2411,西永交通换乘枢纽,11
2412,犍为南门中心站(老城区),17242
2413,壤塘客运中心,33
2414,重庆四公里交通换乘枢纽,1
2415,谷城县汽车站,1
2416,阳泉市客运总站,1129
2417,230881002,1
2418,天岗湖站,16157
2419,江宁客运站,108
2420,海安白甸站,3945
2421,常州交通技校,226
2422,建瓯西站,1268
2423,三洲路口售票点,32
2424,景德镇东站,7430
2425,高密汽车站,13310
2426,东明站,12955
2427,汉寿汽车站,1709
2428,广州南汽车客运站,3702
2429,饶平县新城区客运站,6291
2430,中山市小榄汽车客运站,8161
2431,隆林客运服务站,78
2432,乐东千家,31
2433,文昌南阳,1
2434,荔波汽车站,128651
2435,西充西客站,8705
2436,石浦汽车客运东站,1070
2437,鹿寨汽车总站,2
2438,芒康县客运站,6466
2439,武威客运中心,1429
2440,伽师客运站,341312
2441,代县汽车客运站,2503
2442,二连国际汽车站,5910
2443,达拉特旗汽车站,120
2444,230421003,4
2445,230231044,1
2446,230102021,26
2447,捷晖小区,186
2448,南阳,78
2449,朋口,4
2450,新干城南汽车站,274
2451,东方海洋大酒店,225
2452,郑州高铁枢纽站,126618
2453,益阳火车站,383
2454,东莞市虎门北栅汽车客运站,264
2455,华城万佳点,25
2456,中山市益华汽车客运配客中心,20
2457,蒙山汽车客运服务站,1209
2458,郫县客运中心,21858
2459,广安客运枢纽站(枣山),65686
2460,新龙汽车站,305
2461,隆林客运站,2
2462,郎溪,20787
2463,五台山汽车站,38
2464,231283049,1
2465,齐齐哈尔公路客运总站客运东站,35470
2466,泰州西站,8388
2467,如东沿南站,1586
2468,永丰汽车站,9811
2469,枣园,5
2470,石岛站,9781
2471,长垣汽车东站,3161
2472,惠州,10
2473,长株潭,32776
2474,常宁汽车站(莲花站),2703
2475,郴州汽车西站,52598
2476,莫村汽车客运站,1374
2477,前詹镇第一招呼站,48
2478,抱罗车站,2
2479,澄迈石浮,9
2480,乐东九所高速路口,10
2481,定安黄竹路口,3
2482,夹江汽车客运中心,11119
2483,洪湖汽车客运站,9
2484,石碣汽车客运站,3
2485,天柱汽车客运站,127833
2486,吴忠站,276
2487,民丰客运站,443
2488,大同汽车站,3159
2489,吉林市换乘中心站,12119
2490,231221032,3
2491,勃利县运输公司客运站,1170
2492,通州汽车站,58753
2493,江阴站,235233
2494,江山虎山站,32982
2495,长兴汽车总站,12467
2496,宁波中心站,210689
2497,霍山客运中心站,14
2498,淄川,22180
2499,漯河中心站,75111
2500,肇庆粤运汽车总站（综合体）,1087
2501,北海南珠汽车客运站,2790
2502,白沙客运站,292
2503,文昌翁田,122
2504,遂宁城南客运站,57213
2505,三都汽车站,89503
2506,盈江汽车客运站,3
2507,维西客运站,2
2508,黄南汽车总站,3
2509,松柏汽车客运站,3
2510,乌拉特中旗客运站,4
2511,汉中高速客运站,1266
2512,乌苏市客运站,318296
2513,平鲁区客运站,2285
2514,西旗客运站,3021
2515,通化县公路客运站,7961
2516,四方坨子客运站,28
2517,230184002,1
2518,巴彦县公路客运站,17899
2519,临海客运中心,85285
2520,萧山汽车总站,42322
2521,庆元客运站,13097
2522,青阳汽车中心站,9
2523,南靖,2140
2524,南平武夷客运总站,4795
2525,永新长途站,1771
2526,烟台福山站,4107
2527,武城汽车站,8353
2528,济宁汽车总站,229878
2529,宝丰汽车站,48
2530,平江天岳汽车站,2102
2531,澄海鹏达汽车客运站,83
2532,融安汽车总站,182
2533,澄迈福山路口,7
2534,雅安汽车客运站,57037
2535,叙永永宁汽车站(原西外车站),9171
2536,毕节东客站,23276
2537,达州客运西站,28931
2538,金堂客运站,23735
2539,宁乡东城汽车站,17
2540,拉萨柳梧汽车站,45441
2541,肃南汽车站,2807
2542,新源客运站,30374
2543,奇台汽车站,3779
2544,鄯善客运站,34
2545,230703020,5
2546,绥芬河公路客运枢纽站,1503
2547,苏欣快客站,102917
2548,六安汽车客运北站,1842
2549,南阳商城站,273
2550,长沙西,358733
2551,岳阳洞庭汽车站,19575
2552,华容中心汽车站,3367
2553,普宁国际服装城汽车客运站,912
2554,深圳市宝安福永汽车客运站,2253
2555,简阳城东客运站,158217
2556,开县中心汽车客运站,28
2557,西江汽车站,64
2558,天龙汽车站,12
2559,翁源龙仙客运站,4
2560,百色客运站,17
2561,浠水环通客运总站,5
2562,平乐汽车总站,5
2563,紫阳汽车站,77629
2564,兰州市汽车东站,174523
2565,布尔津客运站,18610
2566,桦南长途站,24973
2567,芜湖县客运中心,806
2568,德兴车站,4507
2569,交运明水,23234
2570,郑州总站,21165
2571,卢氏汽车站,416
2572,信阳弘运汽车站,380
2573,中山（包车）,26
2574,天龙车站,1419
2575,通道汽车站,17097
2576,衡山站,553
2577,安化梅城汽车站,1733
2578,车岗站,3
2579,玉林总站,2150
2580,海口秀英港,2985
2581,乐东乐光,17
2582,广东深圳龙岗,1
2583,南充城北汽车站,30452
2584,建阳汽车站,3
2585,富平汽车站,3
2586,遵化汽车客运站,2
2587,陈仓客运汽车站,7698
2588,大连站南客运站二处,90794
2589,长白县运输公司客运站,7023
2590,嫩江县公路客运总站,11129
2591,鸡西市公路客运总站,8221
2592,新区农行公交站,3
2593,马鞍山当涂东站,166
2594,青岛(利),7574
2595,岳阳县城南汽车站,4362
2596,三灶站,105
2597,揭西棉湖汽车客运站,4
2598,宜州汽车总站,1083
2599,梁平中心汽车站,522
2600,青白江客运枢纽站,371
2601,道孚县汽车站客运中心,213
2602,保靖汽车站,15
2603,辽源客运总站,17
2604,宝安公明客运站,6
2605,大朗汽车客运站,1
2606,五原汽车站,960
2607,四平市公路客运总站,7580
2608,220283003,2
2609,五大连池风景区客运站,2472
2610,将乐,618
2611,泗水站,39931
2612,濮阳长途站,19433
2613,商丘中心汽车站,26462
2614,邵阳县汽车站,5143
2615,长沙黄花机场区域,6
2616,安流高速路口点,3
2617,柳州汽车总站,344
2618,乐东万冲,26
2619,龙塘,55
2620,昌江海尾,15
2621,保亭什玲,1
2622,五一,1
2623,望谟汽车站,84050
2624,安顺客运北站(华西客运站),8
2625,广德汽车客运中心,228
2626,运城客运中心,14
2627,长泰车站,2
2628,230102024,2
2629,上海长途汽车客运总站,49748
2630,温州南站,172023
2631,三门峡汽车总站,2039
2632,随州客运南站,165
2633,桂东车站,641
2634,古丈县汽车站,11970
2635,大朗汽车客运,1600
2636,江屯站北市配客点,33
2637,华湖镇第二招呼站,29
2638,平冈汽车客运站,75
2639,东莞长安汽车客运站,503
2640,T2航站楼,1
2641,马山汽车总站,642
2642,儋州新英,43
2643,琼中大丰场,17
2644,冕宁汽车客运站,11737
2645,瓮安汽车站,100076
2646,黄梅汽车客运站,3
2647,铁力市公路客运总站,1
2648,那曲南站,6664
2649,宝鸡汽车北站,69021
2650,太原建南汽车站,12213
2651,黟县,203
2652,大石桥圣通长途客运站,25298
2653,敦化市客运枢纽站,3755
2654,龙海,1502
2655,齐河县汽车站,37891
2656,新乡客运总站,16868
2657,蕲春新站,59131
2658,清远连州汽车客运站,50029
2659,仙庵镇第二招呼站,17
2660,宁明汽车客运服务站,1797
2661,水北,11
2662,澄迈黄竹,26
2663,白石溪,1
2664,恩平汽车客运站,2
2665,韶关西站,4
2666,合作公用型汽车站,2117
2667,轮台县客运站,297868
2668,220582001,21
2669,150721003,1
2670,漳州中心站,10470
2671,屏南,5672
2672,威海凯顺票务,579
2673,桐柏汽车站,1840
2674,邵阳汽车南站,67073
2675,凤岗车站,864
2676,清水湾壹号公馆,25
2677,广州芳村客运站,1
2678,巫溪汽车站,393
2679,遵义南白客运站,358
2680,聚宝盆客运中心,3
2681,平凉汽车站（西站）,25410
2682,武乡客运汽车站,63
2683,旅顺汽车站,19744
2684,抚松县公路客运总站,27544
2685,通化总站(新站),548
2686,220822001,3
2687,230714001,4
2688,东台汽车站,100089
2689,苏州园区站,456
2690,天台客运中心,67709
2691,安溪汽车总站,15358
2692,惠安车站,7755
2693,福康苑A区(武夷新区),51
2694,隆达站,144308
2695,高青,3920
2696,新宁汽车西站,12098
2697,新宁回龙寺镇汽车站,480
2698,深圳北汽车客运站,1659
2699,广州增城新塘汽车客运站,8263
2700,01|海丰总站梅陇售票点,123
2701,信宜城东汽车客运站,5
2702,镇宁汽车站,9704
2703,玄滩客运站,344
2704,湛江西汽车站,4
2705,瑞金市汽车站,3
2706,根河市汽车站,2
2707,旬阳汽车站,14233
2708,洋县客运站,99
2709,同德县汽车站,3918
2710,231181003,6
2711,大庆客运集团公路客运枢纽站,28170
2712,南京东站,964
2713,珊瑚站,6051
2714,普陀城北站,189885
2715,石狮中心站,2687
2716,文亨高速口,25
2717,高铁公路客运站,4394
2718,大悟,29089
2719,蕲春老站,17474
2720,广东省汽车客运站,12235
2721,神泉镇第一招呼站,45
2722,东莞市厚街专线汽车客运站,103
2723,内中站,10
2724,和岭,20
2725,盘县汽车站(城关),3009
2726,茶陵县客运站,9
2727,百合汽车站,3
2728,古镇汽车客运站,1
2729,陕西延安汽车南站,3195
2730,富力万达文华酒店,746
2731,乌海长途汽车站,1110
2732,阿城公路客运站,223734
2733,路桥金清站,9835
2734,天守,3
2735,新余,9596
2736,冠县站,110251
2737,周口中心站,37718
2738,镇平通运站,27
2739,长沙南线区域C,3
2740,岳阳联运汽车站,297
2741,茂名电白站,255
2742,海口南港,1260
2743,广东深圳福田区,2
2744,广西玉林陆川县,6
2745,璧山客货中心站,37
2746,苍溪汽车客运站,12140
2747,仪陇金城城北车站,539
2748,贵定汽车站,5807
2749,古蔺西区客运站,2375
2750,珠海香洲长途客运站,41
2751,高台县汽车站,39158
2752,昌吉客运站,2711493
2753,大同新南公路客运站,1842
2754,乌兰浩特站,42118
2755,231221038,9
2756,常州花园,44386
2757,东至站,5
2758,九江市共青汽车站,3
2759,孚利泰国际酒店,2579
2760,机场巴士,22
2761,丁家庄,1
2762,许昌汽车东站,2889
2763,汉阳,22210
2764,怀化汽车南站,31000
2765,深圳市龙岗沙湾汽车客运站,373
2766,贺州汽车总站,121
2767,儋州新英长坡,22
2768,文昌锦山,180
2769,平和,15
2770,西安市汽车站,27978
2771,白河客运站,3828
2772,崇信汽车站,9907
2773,定西汽车站,2721
2774,朔州迎宾汽车站,1040
2775,梅河口市公路客运总站,52975
2776,220702001,20
2777,肇州县客运站,8844
2778,柯桥航站楼,12329
2779,水头车站,75
2780,湖雷,1918
2781,华丰,5
2782,济宁航空港,96
2783,新县汽车站,285
2784,蒸阳站,6
2785,新田汽车站,6350
2786,饶平汽车客运站,15
2787,桂客北站,1610
2788,广西超大宾阳客货运运输服务中心,9
2789,美兰机场巴士站,5973
2790,琼海石壁,56
2791,乐东金鸡岭,1
2792,广西百色靖西,1
2793,琼海嘉积补票点,7
2794,东方板桥,1
2795,巴中南江车站(酒厂湾),7
2796,都匀客运东站,498
2797,七台河客运总站,10
2798,北海二运汽车站,4
2799,忻城汽车站,3
2800,渭源县汽车站,49
2801,交城县汽车站,85
2802,榆树市公路客运站,17949
2803,常熟北站,41089
2804,永兴汽车站,1470
2805,温岭中心站,31611
2806,长汀汽车站,3169
2807,象洞,35
2808,烟台总站,213230
2809,德州综合客运站,20
2810,永城汽车站,59
2811,武冈汽车西站,7800
2812,韶山市汽车站,4913
2813,永州汽车北站,12392
2814,郴州天龙汽车站,29893
2815,阳东东平良洞汽车客运站,154
2816,珠海平沙汽车客运站,195
2817,儋州东成,129
2818,文昌林梧,27
2819,保亭响水,47
2820,三亚藤桥路口,2
2821,彭水城北客运站,664
2822,贞丰汽车站,42334
2823,中江城南车站,33395
2824,射洪客运站,38467
2825,资中客运站,14867
2826,瑞丽客运站,6
2827,六里桥长途汽车站,113
2828,吴起汽车站,2320
2829,千阳客运站,42232
2830,蚌埠综合站,4036
2831,达拉特金源汽车站,66
2832,敦化市公路客运总站,14522
2833,市场,144
2834,230523011,1
2835,林甸县客运中心,4165
2836,桦川县公路客运站,27977
2837,黄桥站,47625
2838,曲霞站,2704
2839,即墨站,36237
2840,光山汽车站,9409
2841,韶关汽车客运西站,15921
2842,宝安沙井镇汽车客运站,3850
2843,临桂总站,2
2844,澄迈白莲,28
2845,金沙汽车站,18782
2846,遵义高铁汽车客运站,76832
2847,湄潭汽车站,4907
2848,绵竹客运站,425
2849,汉阳中心站,8
2850,广州南站客运站,9
2851,天水路汽车站,15355
2852,西宁客运中心站,56773
2853,临汾城西客运站,887
2854,叶柏寿客运站,68275
2855,磐石市公路客运总站,62948
2856,231223044,21
2857,232721001,3
2858,灵璧,2
2859,延津汽车站,16
2860,天河汽车客运站,10463
2861,五华横陂高速路口点,16
2862,石排客运站,110
2863,灌阳总站,401
2864,安吉客运站,3713
2865,广东珠海,16
2866,临高和舍,26
2867,广西岑溪,2
2868,长途汽车站,378
2869,黄平汽车站,16389
2870,蓬溪汽车客运中心,6162
2871,武定客运站,2
2872,北安客运总站,4
2873,黄南州汽车站,31171
2874,巩留客运站,300
2875,沁水汽车站,936
2876,五常山河客运站,136
2877,苏州南站,330604
2878,千岛湖汽车客运总站,26698
2879,六安汽车南站,300
2880,石狮塔前汽车站,7392
2881,永泰梧桐,12
2882,闽西建材城,13
2883,聊城总站,206998
2884,青岛,95787
2885,商水长途汽车站,366
2886,新蔡老汽车站,2
2887,汝城车站,1479
2888,星沙站,18863
2889,株洲南站,8811
2890,始兴汽车客运站,10655
2891,云安县富林汽车客运站,67
2892,荔波小七孔景区,529
2893,陆丰甲子客运站,1
2894,江油市汽车客运站,119
2895,类乌齐县客运站,1734
2896,白水汽车站,107
2897,和什托洛盖客运站,26
2898,南京汽车客运站,13667
2899,朋口火车站,2347
2900,峡江水边汽车站,214
2901,北岚,1
2902,通山,22054
2903,三里畈,2227
2904,清远英德汽车客运站,49444
2905,阳东汽车客运站,4887
2906,观源点,83
2907,金城江城西汽车站,2330
2908,南宁大沙田道路运输服务中心,4
2909,绿城清水湾,16
2910,陵水火车站,6
2911,清澜,4
2912,南充西门汽车站,9027
2913,台江汽车站,2143
2914,龙山客运站,5
2915,罗定罗镜客运站,1
2916,玛纳斯汽车站,561
2917,淮北市客运南站,11349
2918,大丰车站,124225
2919,吴江站,50652
2920,沛县汽车站,160400
2921,大丰闸,224
2922,南通火车站,7772
2923,福清车站,20049
2924,漳平汽车站,7291
2925,沂水站,2749
2926,郁南汽车客运站,4167
2927,北惯汽车客运站,32
2928,琼中思河,11
2929,广东中山,1
2930,册亨汽车站,53160
2931,北川县客运站,2506
2932,齐齐哈尔公路东站,13
2933,晋江长途汽车站,4
2934,宁县公用汽车站,699
2935,合肥市客运总站,64048
2936,开发区,35866
2937,220106001,255
2938,高桥站,24323
2939,台州客运南站,42602
2940,华安车站,811
2941,泉港倒桥票点,11
2942,龙口,22438
2943,驻马店东站,335
2944,建始,14078
2945,枝江站,28566
2946,来凤,18272
2947,黄陂客运站,3738
2948,三峡中专,600
2949,蓝山新车站,281
2950,珠海香洲长途汽车客运站,5292
2951,夏洞站,56
2952,田林汽车客运站,30
2953,象州汽车总站,164
2954,儋州东成路口,4
2955,番响,1
2956,古蔺县西区客运站,10497
2957,成都汽车总站(五桂桥),95598
2958,九襄汽车站,16350
2959,黎平汽车站,11891
2960,印江汽车客运站,4274
2961,临湘长安汽车站,1
2962,顺德乐从客运站,3
2963,施秉汽车客运站,56514
2964,喀什客运分站,1032123
2965,230502001,29
2966,金坛客运站,108639
2967,中牟汽车站,971
2968,石首,38285
2969,阳春汽车客运站,57008
2970,石龙车站,921
2971,安流点,13
2972,琼中南丘,1
2973,奉节港口汽车站,66
2974,重庆陈家坪汽车站,271
2975,松州客运站,1174
2976,吉首市汽车北站,38
2977,汉运司汉中汽车站,12
2978,麻江汽车客运站,85312
2979,福海客运站,35587
2980,新国线客运站,24480
2981,淮南,17552
2982,蒲县汽车站,2
2983,根河市长途汽车客运站,4440
2984,清原,103861
2985,通远堡中心客运站,41419
2986,220581001,14
2987,仪征汽车站,48807
2988,平望站,175
2989,瑞安中心站,52192
2990,漳浦车站,425
2991,聊城西站,149870
2992,梁山站,59351
2993,东营西站,5391
2994,鹤峰,18356
2995,龙山县汽车站,17
2996,茂名河西站,395
2997,临高南宝,24
2998,黄竹,58
2999,三亚雅亮,7
3000,万州长途汽车站(高铁),1142
3001,都匀总站,119538
3002,安顺汽车北站（普定）,1100
3003,埌东客运站,54
3004,梧村汽车站,6
3005,昭通客运中心站,2
3006,西安城北客运站,33
3007,镇赉客运站,6
3008,宝安汽车站,9
3009,泰宁汽车西站,4
3010,广安汽车总站,112
3011,贵定交运场站,60550
3012,农安南站,4
3013,230902003,6
3014,肇源客运站,6324
3015,宝清县客运站,6673
3016,胥浦站,837
3017,海盐客运中心,41784
3018,一中(中医院),4
3019,鹰潭,8288
3020,汤阴县汽车站,260
3021,禹州东站,56
3022,双峰汽车站,3865
3023,娄底汽车南站,6169
3024,沅陵汽车南站,20809
3025,嘉禾汽车站,7429
3026,蒸阳汽车站,23735
3027,深圳北汽车站,1312
3028,田东汽车客运站,36
3029,资源总站,102
3030,兴隆,3716
3031,定安金鸡岭,12
3032,提蒙,8
3033,白沙可任,10
3034,文昌抱罗叉,19
3035,綦江汽车站,2879
3036,垫江客运中心,1252
3037,宜宾江安客运中心,14199
3038,东站汽车站,5666
3039,昆明高铁南客运中心站,7
3040,汕头中旅客运站,10
3041,太原汽车客运东站,5
3042,黎平汽车客运站,82392
3043,太白山汽车站,4585
3044,木垒客运站,628
3045,马鞍山旅游站,1064
3046,鞍山长途客运总站,65992
3047,延吉市公铁分流站,43347
3048,220582002,2
3049,130303001,11
3050,哈尔滨道外客运站,21013
3051,洋河站,5690
3052,张家港锦丰,3664
3053,乐清虹桥客运中心,17478
3054,延平汽车站,30817
3055,宜黄,1725
3056,黄城,33
3057,长沙东,105431
3058,永兴车站,86
3059,徐闻汽车客运站,1146
3060,海丰鲘门配客站,32
3061,荔浦总站,596
3062,陵水本号,5
3063,青神汽车站,2245
3064,印江西环站,168997
3065,永顺汽车站,6
3066,汉中站,3785
3067,留坝汽车站,88
3068,平川区汽车站,36654
3069,寨西站,165415
3070,龙基路口,1
3071,龙岩实验学校,5
3072,漯河高铁汽车站,419
3073,邵阳汽车北站,13703
3074,湛江市遂溪汽车客运站,512
3075,隆江镇第一招呼站,52
3076,白沙卫星,9
3077,琼中阳江,1
3078,从江洛香高铁客运站,185
3079,台州市客运总站(椒江),321
3080,酃湖汽车站,6
3081,榆林汽车北站,674
3082,石泉城际客运站,26082
3083,耀县客运站,31079
3084,西固民航售票处,6
3085,德令哈汽车站,10056
3086,浑源县汽车站,1647
3087,马鞍山博望站,1122
3088,伊春市翠峦公路客运站,812
3089,五九七客运站,117
3090,扬州七里河,562
3091,莲南车站,2837
3092,济南,79
3093,鲁东大学南北区,1
3094,当阳,109225
3095,老河口汽车客运站,8132
3096,耒阳五里牌站,882
3097,资兴车站,76
3098,茂名客运中心汽车客运站,3460
3099,罗湖站,804
3100,龙洞堡机场,122
3101,黄宅车站,20
3102,遂溪汽车运输总站,1
3103,阿荣旗客运站,25298
3104,乌海市长途汽车站,196
3105,台安客运站,12200
3106,通化市公路客运站,95261
3107,射阳汽车站,95289
3108,龙潭,82
3109,咸村,577
3110,南昌长途汽车客运站,21590
3111,开发区西站,6
3112,平原汽车站,11902
3113,淄博,159239
3114,和平汽车客运站,24175
3115,儋州松涛,1
3116,福泉客运总站（马场坪）,116
3117,务川车站,1062
3118,格尔木汽车站,8696
3119,宁德客运南站,12
3120,平凉汽车西站,9
3121,临海新客站,45
3122,南木林县客运站,2631
3123,克州汽车客运总站,1
3124,垣曲县汽车站,386
3125,静乐汽车客运站,146
3126,合肥旅游汽车站,26695
3127,加格达奇客运站,4668
3128,金坛北站,183528
3129,钱荡站,4473
3130,元竹站,3123
3131,新沂南站,1131
3132,十堰中心站,162053
3133,南漳,81529
3134,公安  ,5428
3135,当阳半月镇,54
3136,嘉禾车站,147
3137,武陵源汽车站,9988
3138,扶绥汽车站,3538
3139,大化汽车总站,1659
3140,凤冈汽车站,4907
3141,榕江汽车站,55673
3142,傅家坡车站,82
3143,班戈县客运站,2166
3144,安康汽车站,108034
3145,天水路车站,27478
3146,昔阳汽车站,198
3147,230223001,3
3148,231002001,196
3149,八五三客运站,2008
3150,宝应王桥,2361
3151,永安,4772
3152,双洋,27
3153,华家(美佳家俬),8
3154,招远,40
3155,沅陵汽车站,60
3156,桃源黄花井汽车站,879
3157,怀化汽车西站,77165
3158,长沙高铁南站,417
3159,清远连山太保分站,145
3160,清远禾云分站,155
3161,顺德乐从汽车客运站,219
3162,英德连江口分站,32
3163,河源御龙湾配客站点,11
3164,凤岭综合客运枢纽站,2
3165,儋州那大站,92221
3166,湖南江华县,2
3167,太平,27
3168,南川客运中心,1230
3169,双桥客运站,62
3170,开阳客运站,1752
3171,什邡安顺客运站,28450
3172,蒲江客运中心,543
3173,阳新城北客运站,2
3174,深圳机场站,2
3175,延安汽车南站,1
3176,柞水客运站,54085
3177,尖扎汽车站,347
3178,230125001,6
3179,泗洪东站,11235
3180,镇江技师,2346
3181,东石售票点,90
3182,907医院（原九二医院）,8
3183,寿宁,9665
3184,潍坊总站,75540
3185,邹城站,16979
3186,商水汽车站,289
3187,深圳汽车客运站,9006
3188,东莞汽车东站,9586
3189,惠东县城南汽车客运站,3638
3190,文昌美文,5
3191,荔波小七孔客运站,1465
3192,志丹客运站,6367
3193,高台西站,5070
3194,循化汽车站,14
3195,临汾城北站,28
3196,赤峰汽车站,9876
3197,硕放机场站,43807
3198,通州石港站,643
3199,平阳鳌江站,11494
3200,浦城汽车站,9509
3201,上湖,259
3202,资溪,1323
3203,临朐汽车总站,146639
3204,息县汽车站,2303
3205,东莞,29
3206,株洲长途汽车站,73
3207,南岳站,292
3208,醴陵汽车中心站,16
3209,株洲汽车南站,29
3210,衡阳县车站,10524
3211,开平市义祠汽车客运站,11664
3212,肇庆长途汽车客运站,2983
3213,东兴汽车客运服务站,531
3214,琼中中平,15
3215,文昌二公堆,23
3216,白沙南开,5
3217,叙州区柏溪客运站,6521
3218,乐山沐川客运站,12155
3219,兴义客运东站,105264
3220,西航港客运中心,772
3221,沿河客运东站,994
3222,宁都县汽车站,17
3223,灵山汽车总站,8
3224,成县汽车站,4497
3225,会宁汽车站,4
3226,青铜峡汽车站,21551
3227,和丰县客运站,1157
3228,白城市客运中心总站,5149
3229,230523001,12
3230,110105001,178
3231,林口县客运站,4503
3232,来安客运站,8
3233,平阴,56973
3234,濮阳客运南站,14
3235,郴州汽车总站,749
3236,常宁汽车站,25448
3237,南海区官窑分站汽车客运站,132
3238,深圳市龙岗区布吉汽车客运站,817
3239,二塘站,1
3240,南丹汽车总站,1705
3241,犍为客运中心(新车站原北门汽车站),2136
3242,玉屏客运站,1804
3243,玉溪城南汽车客运站,1
3244,南川客运中心站,1
3245,凤翔客运站,74103
3246,平凉市灵台汽车站,4737
3247,古交市汽车站,61
3248,阜新客运总站,71499
3249,新昌中心站,92286
3250,武夷山汽车站,3168
3251,黄县,7
3252,南县湘北汽车站,1452
3253,安化（城南）汽车站,4030
3254,兴宁市东岳宫汽车客运站,12335
3255,肇庆四会汽车站东城分站,12257
3256,佛山市大沥汽车客运站,4621
3257,珠海南水汽车客运站,95
3258,02|海丰总站后门售票点,37
3259,仪陇汽车站(新政),27797
3260,保定客运中心站,124
3261,金家墩青年路站,66
3262,合江客运站,198
3263,松江河汽车站,5035
3264,230103016,2382
3265,杜蒙县客运总站,9192
3266,海门汽车站,198887
3267,扬州东枢纽,193
3268,建德客运中心,62641
3269,新余(火),2441
3270,成武站,8630
3271,卫辉市汽车总站,2
3272,十堰换乘中心,5382
3273,阳西县沙扒汽车客运站,132
3274,澄迈福山,216
3275,琼中大丰,4
3276,重庆红旗河沟汽车站,1632
3277,成都昭觉寺车站,99155
3278,商贸城车站,94
3279,亚欧桥汽车站,2964
3280,纺织客运站,5183
3281,兰州市汽车西站,4727
3282,天水市清水客运汽车站,2
3283,长治市客运中心,829
3284,康巴什客运站,1
3285,榆树客运总站(个体),1808
3286,230781001,876
3287,230382756,2
3288,230182052,4
3289,北翟站,6751
3290,启东高新区,315
3291,景德镇西站,11919
3292,灵宝长途汽车站,2
3293,冷水江金竹汽车站,9218
3294,云集汽车站,3985
3295,龙华汽车站,716
3296,顺德勒流汽车客运站,2712
3297,旅游客运站,445
3298,海口三江糖厂,3
3299,新伟,4
3300,版纳汽车客运站,3
3301,纺织城客运站,2501
3302,西林客运站,1
3303,芳村汽车客运站,2
3304,凤县汽车站,10653
3305,长武汽车站,2867
3306,平凉市泾川县汽车站,14521
3307,海拉尔客运站,22275
3308,辉南县公路客运总站,15230
3309,扬州西站,289319
3310,西平县社会汽车站,43
3311,隆回汽车东站,66
3312,化州河西汽车客运站,900
3313,华湖镇第一招呼站,43
3314,龙川县老隆客运站 (交通车站),115
3315,台山市塔山汽车客运站,8
3316,广西南宁上林,6
3317,乘坡,19
3318,大理,2
3319,万州西山车站,101
3320,九龙客运站,685
3321,安康汽车站（城东站）,1
3322,大同新南站,5
3323,洛川客运汽车站,27428
3324,洛川客运站,8604
3325,河津市汽车客运站,4123
3326,原平汽车客运站,178
3327,222401006,3
3328,230524262,3
3329,长乐,7161
3330,安溪官桥,569
3331,高铁延平站,1630
3332,抚州总站,16084
3333,威海北站,11783
3334,新安汽车站,1035
3335,宜阳汽车站,334
3336,鹤壁枢纽站,86
3337,4|江屯站江谷配客点,18
3338,屯昌新兴,21
3339,岭头,1
3340,开远汽车客运站,1
3341,六枝中心客运站,306
3342,蕲春昌泰总站,11
3343,大柳塔汽车站,106
3344,柳河县公路客运总站,17692
3345,绥棱县运输公司客运站,833
3346,南门站,3359
3347,海安李堡站,8184
3348,宿松汽车站,32
3349,仙游,9742
3350,和谐苑E区(武夷新区),135
3351,四鹤公交站,4
3352,平邑,38363
3353,长垣客运总站,5652
3354,社旗汽车站,1193
3355,荆州枢纽站,110404
3356,道县汽车北站,3352
3357,双牌汽车站,5470
3358,德庆莫村镇汽车客运站,2582
3359,梅州江南汽车客运站,4517
3360,南沙客运站,1
3361,大埔县高陂汽车客运站,26
3362,中山市民众镇大骏客运站,22
3363,万宁新中,5
3364,万阳,6
3365,双凤桥汽车站,103
3366,长春客运中心站,6
3367,榆树总站,4
3368,饶平新城区客运站,1
3369,淳化汽车站,12237
3370,阿左旗汽车客运站,550
3371,二道白河公路客运站,6422
3372,泉阳客运站,141
3373,230722001,2
3374,缙云客运东站,84428
3375,嵩口古镇,197
3376,汝阳县汽车站,1334
3377,三荷机场,2
3378,祁东汽车站,6915
3379,5|河源城南配客站,41
3380,万宁乐来,1
3381,重庆北站北广场汽车站,1268
3382,安岳客运总站,1358
3383,宣汉南坝汽车站,524
3384,拱北汽车客运站,39
3385,古田客运站,4
3386,镇远汽车客运站,101021
3387,安顺客运西站,15153
3388,兰州客运中心中川售票,4621
3389,门源县汽车站,1921
3390,忻州汽车客运中心,4260
3391,怀仁汽车站,5903
3392,江阴华士,305
3393,东至汽车中心站,14
3394,明溪,2669
3395,抚市,95
3396,高新区相如客栈,10
3397,嘉鱼,41025
3398,揭阳市岐山汽车客运站,1877
3399,海田车站,576
3400,虎门汽车站,721
3401,东莞市厚街汽车客运站,5911
3402,惠州市沥林汽车客运站,41
3403,|中山电子科大配客点,10
3404,珠海企鹅酒店,63
3405,三亚田独,31
3406,查苗路口,1
3407,文昌湖山,10
3408,万州客运中心站,140
3409,北门车站,34212
3410,西昌汽车客运中心(南客站),15085
3411,西宁客运中心,60
3412,莲花汽车站,2
3413,罗冲围汽车客运站,1
3414,西安市汽车站自助机,10170
3415,民航家属院,34181
3416,通渭客运中心,15147
3417,青冈县公路客运站,6043
3418,常熟南站,272038
3419,泰宁,1587
3420,九二医院公交站,94
3421,古田西站,10578
3422,栖霞车站,58119
3423,河口汽车站,782
3424,郏县老汽车站,483
3425,伊川汽车站,26
3426,武冈汽车北站,19020
3427,永顺县汽车站,12481
3428,汝城汽车站,7280
3429,信宜汽车客运站,7035
3430,西樵车站,787
3431,珠海三灶汽车客运站,253
3432,102补票点,8883
3433,镇远汽车站,13240
3434,重庆机场T2长途汽车站,193
3435,长治客运东站,32
3436,梅县新城客运站,9
3437,靖远县汽车站,271
3438,敖汉汽车站,11624
3439,150581001,2
3440,371081001,1
3441,220882002,4
3442,宝应汽车客运站,75316
3443,徐州博大,750
3444,嵊州客运中心,87497
3445,宿松东站,2
3446,黄山市客运总站,445
3447,东山西埔,835
3448,古田镇卫生院,79
3449,茌平站,59191
3450,沙市红门路,52699
3451,匡河,916
3452,桂阳车站,130
3453,常德中部区域,1
3454,封开汽车客运站,5911
3455,汕头市岐山汽车客运站,811
3456,吴川市海滨汽车客运站,7
3457,电白电城汽车客运站,385
3458,海口美兰机场站,7613
3459,荣昌富吉汽车站,438
3460,道真客运站,5877
3461,思南双塘客运站,2
3462,黄龙溪客运站,3594
3463,宝丰高速客运站,2
3464,应城客运站,1
3465,咸宁咸安客运中心,2
3466,台江汽车客运站,35395
3467,陇运集团武都汽车站,5992
3468,镇原客运中心,4278
3469,乌兰汽车站,680
3470,拉布大林顺达客运站,609
3471,浦东东站,75020
3472,邵武水北,7
3473,海阳总站,50686
3474,河里吴家,7
3475,凤凰县汽车站,30400
3476,桂东汽车站,2592
3477,衡山汽车站,23945
3478,汕尾市霞洋汽车客运站,3752
3479,阳江二运汽车客运站,1030
3480,东莞总站,11512
3481,融水汽车总站,667
3482,保亭大本,33
3483,广东阳江阳西,1
3484,永川汽车总站,847
3485,铜仁环北汽车客运站,3231
3486,渠县客运站,589
3487,双江汽车客运站,7
3488,蓬溪客运站,1765
3489,容县汽车总站,1
3490,三明汽车南站,2
3491,通山中心客运站,1
3492,云浮新兴客运站,3
3493,天水汽车南站,2031
3494,格尔木泰山路汽车站,2586
3495,黄南州汽车客运总站,15243
3496,喀什客运站南站,735151
3497,230321001,2
3498,美兰湖,89554
3499,泉州客运中心站,40560
3500,三菇,766
3501,佛山市三水汽车客运站,7592
3502,茂名信宜北站,1109
3503,怀集县冷坑客运站,4
3504,广宁县石涧汽车客运站,1294
3505,万宁路口,5
3506,绥阳客运站,65864
3507,仁寿联营汽车站,126838
3508,雷波旅游客运中心,4486
3509,长沙汽车南站,118
3510,天义汽车站,11259
3511,乌拉盖汽车客运站,1
3512,扶余县公路客运总站,24392
3513,乾安客运站,790
3514,周宁,9230
3515,日照汽车站,48796
3516,新汶站,14797
3517,永城中心站,983
3518,大众野三关高速,2230
3519,转水点,123
3520,梧州综合客运枢纽站,149
3521,兴安总站,12
3522,澄迈基地,9
3523,澄迈仁兴,10
3524,广东广州番禺,2
3525,华坪客运站,4
3526,炎陵汽车中心站,3
3527,清远英德客运站,13
3528,汉川中心站,2
3529,塘厦汽车客运站,2
3530,化德县客运站,4444
3531,龙井市公路客运总站,19
3532,宝泉岭公路客运站,836
3533,苏州高铁站,25321
3534,江阴周庄,4811
3535,江阴璜土,307
3536,德化车站,4527
3537,福康苑A区（武夷新区）,53
3538,泉港前黄票点,10
3539,莱芜站,135424
3540,栖霞,38
3541,胶州站,48076
3542,乐陵汽车总站,17587
3543,沅陵官庄汽车站,4695
3544,罗镜汽车客运站,944
3545,神泉镇第三招呼站,56
3546,肇庆四会槎山客运站,1
3547,琼海东升,3
3548,定安南柳,5
3549,广西北海合浦,2
3550,绵阳市汽车客运总站,26018
3551,安远县汽车总站,1
3552,金昌市汽车站,1129
3553,南大门,20
3554,达拉特汽车站,16
3555,231225053,21
3556,230221001,1
3557,231283011,1
3558,岱山长途站,427721
3559,亳州南站,396
3560,连江,13274
3561,建宁,125
3562,余干,4520
3563,莒南,47980
3564,青州市汽车站,66599
3565,安仁车站,1617
3566,宁乡白马桥,5727
3567,五华华城汽车客运站,4338
3568,深圳沙井中心汽车客运站,3161
3569,塘厦客运站,603
3570,云浮城西汽车客运站,259
3571,乐东九所路口,22
3572,儋州兰洋,19
3573,广西北海,14
3574,西昌旅游集散服务中心,2499
3575,大姚客运站,2
3576,稻城亚丁旅游客运站,425
3577,古蔺县东区客运站,1547
3578,长沙汽车西站,296
3579,郴州总站,13
3580,犍为客运中心,12
3581,杨凌交通旅游枢纽,57276
3582,横山汽车站,53
3583,华龙山阳汽车站,451
3584,231081013,59
3585,慈溪客运中心站,93331
3586,州城站,3
3587,安乡县汽车站,2761
3588,长沙火车南站,773
3589,长沙南线区域B,2
3590,东莞市中堂汽车客运站,282
3591,罗城汽车总站,840
3592,陵水土福湾,97
3593,广东深圳宝安龙华站,1
3594,武隆客运汽车站,329
3595,荣县南站,6333
3596,新津客运站,252
3597,永州凤凰园汽车西站,1
3598,长宁客运站,12
3599,奈曼客运站,20511
3600,231181002,1028
3601,磐安客运站,57849
3602,牟平站,14459
3603,莱州大骋,46821
3604,曲阜站,20580
3605,西华汽车西站,2230
3606,吉首西口站,20438
3607,隆江镇第二招呼站,102
3608,阳西尖岗站,9
3609,湛江高铁车站,2
3610,城口客运中心站,334
3611,都江堰市客运中心,52319
3612,万源客运站,2148
3613,遵义总站春天堡发车场,262
3614,宜丰汽车站,1
3615,中山小榄客运站,7
3616,分宜汽车站,1
3617,都匀客运总站,391417
3618,嘉黎县客运站,1336
3619,乾县客运站,23732
3620,金塔县汽车站,33834
3621,天祝县客运中心,2
3622,太原汽车客运西站,4989
3623,平陆县古虞客运站,7
3624,230230001,20
3625,230184001,4
3626,响水汽车站,44100
3627,大义卡口,306
3628,协新技校,9
3629,三门客运中心,27089
3630,浦江汽运中心,224104
3631,杭州火车东站汽车站,58638
3632,奉化东站,41852
3633,刘家寨,1
3634,洪湖,55729
3635,平乐总站,277
3636,三林,10
3637,汉源汽车站,23023
3638,沧源汽车客运站,4
3639,赵公口长途汽车站,53
3640,酒泉汽车站(西关),5899
3641,铜鼓汽车站,1
3642,宜宾市南岸汽车站,178
3643,拉萨西郊汽车站,269124
3644,礼泉汽车站,24668
3645,华池汽车站,25
3646,正蓝旗客运站,979
3647,辽源市仙城客运站,5531
3648,长春高速公路客运站,29736
3649,230722003,2
3650,230505037,3
3651,大生站,47
3652,古田游客中心,110
3653,涂坊高速口,56
3654,王树庄,1
3655,宁阳站,47084
3656,鹤壁高铁汽车站,48
3657,商丘万里客运站,2
3658,临武车站,435
3659,宝安沙井汽车客运站,244
3660,1|下水径配客服务站,408
3661,黎塘汽车站,79
3662,陵水龙门路口,16
3663,屯昌黄岭,1
3664,昌江昌化,484
3665,甘什,6
3666,东山,1
3667,威宁汽车站,25670
3668,隆昌城南汽车站,3030
3669,广元宝轮客运站,458
3670,桦南客运总站,2
3671,剑阁(普安),44
3672,关岭客运站,191829
3673,阿克塞客运中心,1683
3674,循化县汽车站,84
3675,东港,244963
3676,临江市口岸客运总站,2400
3677,明水县公路客运站,5730
3678,常州总站,389726
3679,达埔车站,135
3680,永 定火车站,928
3681,西园高速口,35
3682,济西,75917
3683,烟台火车南站,6463
3684,孙受,1
3685,孟家,2
3686,随州中心站,199751
3687,应山,21530
3688,珠海拱北汽车客运站,3522
3689,深圳粤运文锦渡汽车站,713
3690,阳东县北惯汽车客运站,33
3691,定安龙湖,31
3692,广元市长途客运站,11345
3693,南充马市铺车站,18438
3694,天全汽车站,5526
3695,芒市汽车客运南站,3
3696,长寿汽车客运总站,5
3697,罗源客运站,1
3698,庆阳西峰汽车南站,8641
3699,大荔汽车站,2066
3700,商运司商南汽车站,2
3701,旬邑县汽车站,5071
3702,北郊客运站,15905
3703,农安县客运南站,2044
3704,吉林吉运集团,680
3705,230126021,1
3706,230128007,2
3707,建湖车站,46885
3708,洋后,7
3709,泰安高铁站,18130
3710,荆门汽车北站,46257
3711,江陵,22819
3712,湘潭县汽车站,5601
3713,廉江总站,1044
3714,怀集城北汽车客运站,2698
3715,佛山市顺德区容桂汽车客运站,29731
3716,靖海镇第一招呼站,20
3717,白沙查苗,103
3718,长顺汽车站,1351
3719,城口客运站,8
3720,天水汽车总站,64277
3721,乐亭汽车客运站,2
3722,太原迎宾站,8
3723,怀集城北客运站,1
3724,合作汽车站,1
3725,乌拉特中旗汽车站,57
3726,沟帮子客运站,31144
3727,舒兰市公路客运总站,6648
3728,230126016,11
3729,姜堰汽车站,63898
3730,涟水车站,160295
3731,如皋西来桥站,218
3732,仙居中心站,85120
3733,武东,16
3734,杏田售票点,7
3735,诸城汽车总站,64100
3736,东平站,73182
3737,安庄站,8342
3738,远安客运站,78696
3739,信宜城北汽车客运站,1981
3740,东莞市清溪汽车客运站,3090
3741,鹤山汽车客运站,614
3742,惠阳汽车客运总站,553
3743,文昌重兴,20
3744,琼中阳江场,32
3745,西部客运站,128
3746,万州汽车客运中心,24
3747,石泉汽车站,15
3748,金昌汽车站,1
3749,商南汽车站,9147
3750,临县汽车站,5
3751,大连站南客运站一处,19461
3752,150426001,2
3753,讷河市客运总站,18630
3754,青岛汽车北站,94325
3755,曹县总站,38673
3756,商城汽车站,3836
3757,长乐坪,41
3758,蓝山湘运汽车站,4015
3759,河源市新城汽车客运站,31375
3760,海口总站,132440
3761,德江客运站,14182
3762,商洛市汽车客运站,53
3763,电白二运客运站,4
3764,经棚汽车站,1
3765,田阳客运站,1
3766,金丝峡游客中心,52
3767,贸易广场站,863
3768,灵宝汽车客运站,1
3769,阳新城北汽车客运站,57754
3770,益阳朝阳汽车站,3713
3771,那坡汽车客运服务站,30
3772,琼中什运路口,16
3773,酉阳汽车南(北)站,789
3774,巴中南江汽车站(酒厂湾),10543
3775,西昌旅游集散服务中心(西客站),108748
3776,小金县汽车站,1395
3777,湛江麻章客运站,14
3778,三明北站,2
3779,丰镇汽车站,12780
3780,朝阳客运总站,296853
3781,大连香炉礁客运站,29415
3782,230621020,1
3783,杭州汽车南站,28080
3784,万年,10043
3785,博平站,9253
3786,衡阳酃湖站,303
3787,澧县汽车站,5585
3788,东莞市塘厦汽车客运站,2916
3789,深圳市宝安福永客运站,2221
3790,定安站,72954
3791,澄迈金江,678
3792,文昌头苑,1
3793,两院校区,14
3794,仪陇金城汽车站,19766
3795,宜宾珙县汽车客运中心,2520
3796,韶关东站,8
3797,恭城汽车总站,3
3798,安溪汽车站,1
3799,231025002,3
3800,金湖车站,69580
3801,汾湖站,10712
3802,临海杜桥客运中心,17625
3803,霞浦,12379
3804,牟平,8
3805,佛冈振兴汽车客运站,25691
3806,云浮市新兴汽车客运站,2643
3807,潮州中心站粤运公交代售点,4
3808,玉林旅游汽车客运站,17
3809,武汉黄陂客运站,1
3810,毕节飞雄机场,262
3811,特克斯客运站,502
3812,陵川汽车站,880
3813,繁峙汽车站,1467
3814,甘旗卡客运站,31124
3815,根河汽车站,3533
3816,盖州市客运站,55144
3817,凯旋路客运站,83988
3818,东丰县客运总站,3503
3819,车墩站,5677
3820,昆山南站,220628
3821,江山中心站,37400
3822,河头店,1
3823,临沭,49564
3824,新野汽车站,746
3825,罗定泷州汽车客运站,3385
3826,高州汽车客运站,2775
3827,潮州市汽车客运站,473
3828,定安新序,55
3829,海口三江,73
3830,攀枝花客运中心,48781
3831,西昌汽车东站,6547
3832,晴隆汽车站,57405
3833,六枝汽车站,54316
3834,三台城北客运站,2333
3835,开江汽车站,3969
3836,茂县客运中心,5917
3837,毕节高铁客运站,7147
3838,清流汽车站,2
3839,武威客运中心站,91
3840,宁化车站,1
3841,海兴汽车站,8168
3842,北票客运站,83751
3843,敦化市长途客运总站,146
3844,230606001,2
3845,220882001,2
3846,莆田,15243
3847,诏安车站,41
3848,玉山汽车站(新),1
3849,郑州北站,140703
3850,红安,37922
3851,秭归,38336
3852,常德市区,1
3853,慈利永安汽车西站,6888
3854,衡东汽车站,29032
3855,洞口城东汽车站,4
3856,惠阳汽车客运站,72
3857,大致坡,76
3858,湛江（水陆联运）,13
3859,永兴镇,1
3860,云阳汽车客运站,1085
3861,绵阳富乐汽车站,10825
3862,彭山客运中心,2247
3863,理工大学地铁D口（北门车站服务点）,1558
3864,陕西省西安汽车站,81
3865,福州西站,4
3866,上思汽车站,4
3867,深圳坪山客运总站,3
3868,安溪湖头汽车站,2
3869,那曲客运总站,112251
3870,哈密客运站,427
3871,侯马汽车东站,153
3872,包头市东河站,10
3873,231281001,2
3874,旅游集散站,1563
3875,溧阳总站,121624
3876,如皋汽车站,164831
3877,常州北站,9642
3878,柯桥中心站,39937
3879,沙县,495
3880,秦屿,2
3881,安丘汽车站,166454
3882,菏泽总站,106250
3883,兰考汽车站,2286
3884,黔城汽车站,1
3885,连南县寨岗汽车客运站,1577
3886,和平县西郊汽车客运站,2567
3887,兴业客运站,11
3888,白沙,679
3889,崇州客运站,1043
3890,息烽客运站,116700
3891,阳春春湾客运站,1
3892,东莞汽车客运东站,24
3893,公安县通运潺陵客运站,3
3894,兰州客运中心,20467
3895,黑山县公路客运总站,86890
3896,230702001,132
3897,新浦汽车总站,63038
3898,阜阳中心客运站,2
3899,高山,5289
3900,洋边,264
3901,仙河汽车站,1367
3902,竹溪,18782
3903,长沙高铁区域A,7
3904,阳西儒垌汽车客运站,20
3905,溪西镇第二招呼站,12
3906,探花汽车客运服务站,324
3907,重庆机场T3,810
3908,蓬莱汽车客运站,2080
3909,沙井镇汽车客运站,6
3910,福安客运站,7
3911,全南汽车站,1
3912,永寿客运站,6946
3913,永昌县汽车站,343
3914,大武口汽车站,27960
3915,家属院,1194
3916,东宁客运站,10668
3917,连云港工贸学校,4129
3918,嵊泗站,11755
3919,台州总站,215999
3920,罗潭,47
3921,东阿站,32711
3922,巨野汽车站,33273
3923,白地市站,133
3924,电白客运中心汽车客运站,1378
3925,广州广佛汽车客运站,61
3926,清远浸潭分站,1161
3927,肇庆市鼎湖区桂城客运站,16
3928,港口省际长途客运站,10978
3929,海口,613
3930,昌江叉河,1
3931,南充客运站,5628
3932,赤水客运站,5550
3933,习水客运站,6791
3934,新昌客运中心,2328
3935,襄城汽车客运站,2
3936,孝感汽车站,8
3937,张掖西站（西关车站）,1
3938,城固汽车站,3021
3939,吉木萨尔汽车站,146
3940,阿左旗站,2430
3941,371102001,1
3942,150104001,50
3943,大同客运公司客运站,1096
3944,哈尔滨哈西客运站,34574
3945,宁界站,2570
3946,英林下伍堡售票点,42
3947,徐坊汽车客运站,37917
3948,黄城站,5
3949,镇平汽车站,613
3950,沙洋站,5953
3951,黄梅,10745
3952,临澧汽车站,2460
3953,宁远汽车总站,35
3954,梅州汽车客运有限公司锭子桥汽车站,5036
3955,靖海客运站,574
3956,溪西客运站,244
3957,仙庵镇第三招呼站,3
3958,定安安良,8
3959,琼海中原,1
3960,合川汽车客运中心,2835
3961,雅安西门汽车站,51605
3962,乐山沙湾客运站,5112
3963,青川竹园客运站,672
3964,湛江南站客运站,31
3965,建瓯汽车东站,6
3966,梅州锭子桥汽车站,4
3967,汪清县客运总站,21
3968,231024001,153
3969,黎里站,21
3970,洪濑车站,312
3971,莱州车站,34902
3972,日庄,3
3973,定陶站,2913
3974,麻城,47463
3975,秭归809,48698
3976,株洲中心汽车站,185
3977,资兴汽车站,41779
3978,阳西汽车客运站,28823
3979,五华汽车客运站,38
3980,岐岭点,22
3981,英州路口,11
3982,岭口,39
3983,邦开,2
3984,万冲,7
3985,柳叶湖车站,5
3986,福清客运站,4
3987,定结县客运站,1161
3988,安康城北客运站,5459
3989,苏尼特左旗汽车站,1
3990,犁树县公路客运总站,7239
3991,230422002,2
3992,客运北站,12841
3993,三仓,1261
3994,常熟海虞站,113
3995,晋江长途车站,3725
3996,汉庭酒店新桥店,700
3997,黄岛站,69365
3998,济宁汽车北站,69782
3999,平顶山中心站,32069
4000,东莞市汽车客运站,13570
4001,梅县新城汽车客运站,10144
4002,丰都汽车站,2125
4003,隆昌中心客运站,16538
4004,元谋客运站,9
4005,湛江雷州客运站,6
4006,仪陇城北汽车站,1
4007,库车运输总站,218
4008,珲春国际综合客运站,66
4009,231283001,20
4010,230103043,2
4011,桦南县客运总站,1232
4012,沙溪站,38854
4013,下洋,15
4014,安溪行政中心,3
4015,洪江黔城汽车站,6838
4016,韶关乐昌汽车客运站,6831
4017,博白总站,782
4018,定安龙州,4
4019,广西柳州,4
4020,文昌南山,5
4021,儋州南辰,1
4022,巴中恩阳马鞍车站,1865
4023,鲁甸客运站,1
4024,蓝山汽车站,6
4025,石狮服装城汽车站,2
4026,庆阳汽车北站,665
4027,朗县客运站,2993
4028,兰州市客运中心站,94946
4029,桓仁客运站,39533
4030,2307,1
4031,呼玛客运站,2114
4032,北安市客运总站,37815
4033,临安东站,469624
4034,六安北站,245
4035,长沙南线区域D,3
4036,中山市三乡镇中心汽车客运站,6302
4037,梅县畲江汽车客运站,901
4038,|珠海横琴口岸汽车客运站,3
4039,靖西靖宇汽车客运站,103
4040,昌江石碌站,26919
4041,澄迈富头,9
4042,琼中什运,5
4043,文昌罗豆中学,1
4044,务川客运中心,8502
4045,三穗汽车站,6851
4046,南部客运站,75
4047,银川汽车站,297994
4048,潮州客运中心枢纽站,6
4049,上海巴士南汇长途总站,1
4050,黄平汽车客运站,57535
4051,阳高县汽车站,3
4052,舒兰市客运总站,2291
4053,370214001,89
4054,230103019,27
4055,伊春金山屯区客运站,1551
4056,张家港车站,280345
4057,官林车站,481
4058,上虞西站,89783
4059,繁昌客运中心,361
4060,原客运中心站,96
4061,常坑驾校,2
4062,阳春三甲汽车客运站,5871
4063,阳江闸坡汽车客运站,678
4064,2|海丰梅陇配客站,31
4065,佛山市丹灶汽车客运站,435
4066,金晖汽车客运服务站,510
4067,海南新市,5
4068,华蓥汽车站,7975
4069,炉霍汽车站,252
4070,赤峰汽车总站,49
4071,宜川汽车站,3517
4072,珠海南溪客运站,1
4073,廉江城南客运站,5
4074,阿克塞县客运站,372
4075,汕头客运中心站,4
4076,灌阳汽车总站,1
4077,阿镇汽车站,146
4078,普兰店,193618
4079,磐石市客运总站,9720
4080,210282001,72
4081,231202031,3
4082,松江站,13749
4083,昆山航站楼,543
4084,团风汽车客运站,32987
4085,五一广场8号地铁口,3
4086,绥宁汽车总站,2413
4087,清溪车站,1109
4088,潮州中心站西门古代售点,21
4089,凭祥汽车客运服务站,586
4090,文昌昌洒,99
4091,乐东佛罗,8
4092,乐山汽车客运中心站,2291
4093,厚街汽车客运站,14
4094,裕民县客运站,2217
4095,左权汽车站,173
4096,汾阳汽车站,102
4097,当涂东站,2939
4098,230103003,4052
4099,连云港南站,23458
4100,邳州宏通站,128900
4101,蓬壶车站,1316
4102,长泰,1440
4103,三明南,2098
4104,乳山站,51419
4105,胶南,26890
4106,固始县双龙站,2184
4107,老河口北站,116
4108,华新汽车站,20383
4109,廉江市城南汽车客运站,26283
4110,临高加来,89
4111,谭文,1
4112,巴中江北车站,90741
4113,紫云汽车站,3975
4114,桐庐客运中心,1029
4115,马山客运总站,5
4116,梨树总站,1
4117,伊犁州客运站,624924
4118,塔城客运中心站,540761
4119,绥中客运站,14138
4120,哈尔滨三棵树客运站,26559
4121,五常市公路客运总站,8893
4122,武夷新区统建房,103
4123,广昌,6048
4124,汶上站,76037
4125,嘉禾金田站,76
4126,桃江汽车站,3586
4127,韶关坪石汽车客运站,7417
4128,清远连山福堂分站,712
4129,陵水大坡,3
4130,余庆汽车站,585
4131,监利中心客运站,3
4132,衡阳中心汽车站,75
4133,四惠长途汽车站,64
4134,寿宁汽车站,5
4135,罗田大别山客运中心,5
4136,靖西客运站,9
4137,吴忠汽车站,76832
4138,沈阳SK汽车客运站,285318
4139,230103032,6
4140,玉环中心站,102709
4141,永康西站,31082
4142,定远汽车站,19
4143,泰宁西站,480
4144,寿张站,1171
4145,宜城汽车客运站,52629
4146,麻章车站,595
4147,怀集县城南客运站,2019
4148,仙庵镇第一招呼站,24
4149,陆川总站,348
4150,儋州白马井,172
4151,广东汕头,2
4152,金霖花园,2
4153,马尔康客运中心,7824
4154,永仁客运站,1
4155,静宁东关汽车站,9095
4156,修水汽车总站,8
4157,尤溪汽车站,2
4158,乡宁县客运中心,786
4159,铜陵汽车站,6253
4160,230123003,1
4161,230421002,1
4162,车桥,19
4163,义乌商贸城客运中心,140028
4164,香樟名都,203
4165,丰田,1
4166,东乡,506
4167,德兴车站(新),238
4168,长阳,76086
4169,温泉,27789
4170,惠州南线汽车客运站,3250
4171,深圳市龙岗布吉客货汽车客运站,811
4172,西乡汽车站,4633
4173,东兰汽车总站,1154
4174,定安富文,35
4175,福建福州市,3
4176,龙江,2
4177,南江广运汽车站(老南中),8856
4178,犍为客运中心站(老城区),142
4179,贵阳客运东站,179348
4180,双流华阳客运中心,58439
4181,(高铁北站)综合客运中心,1485
4182,九寨沟汽车站(县城),1820
4183,丽水客运东站,418
4184,荆门汽车客运北站,4
4185,南充市马市铺车站,396
4186,简阳西门客运站,3
4187,新胜利宾馆,4683
4188,双阳区客运中心站,420
4189,231102001,513
4190,徐州总站,418182
4191,胡庄站,1505
4192,靳桥站,165
4193,义乌南方客运站,9680
4194,水利局,217
4195,富园新村,13
4196,凤凰酒店,2
4197,青原汽车站,4562
4198,台儿庄汽车站,12364
4199,焦作旅游中心站,2297
4200,常德汽车总站,18233
4201,衡阳县汽车站,6
4202,洞口汽车总站,5240
4203,德庆县粤运汽车客运站,6236
4204,中山市益华客运配客中心,773
4205,临高站,24005
4206,成都商贸城车站,5765
4207,安龙汽车站,52626
4208,甘孜县汽车站（康北客运中心）,1287
4209,色达客运站,549
4210,重庆大学城西部新城客运站,32
4211,尼玛县客运站,1826
4212,阿勒泰客运站,115220
4213,昭苏客运站,1387
4214,巴里坤客运站,206
4215,蚌埠,49059
4216,锡林浩特长途汽车站,15387
4217,安图县客运站,18704
4218,启东吕四站,44630
4219,大韩,106
4220,富龙车站,26677
4221,蓬莱,36
4222,漯河恒通站,1290
4223,孝昌,4354
4224,汽车西站维也纳酒店,1
4225,新会汽车客运站,774
4226,前詹镇第二招呼站,39
4227,中山市坦洲金斗湾汽车客运站,1052
4228,珠海拱北城轨站,4
4229,定安黄竹,40
4230,乐东莺歌海,40
4231,昌江霸王岭,2
4232,合江县汽车客运站,16497
4233,南城汽车客运站,26
4234,保康客运站,5
4235,赣州火车站配客点,6
4236,隆安客运总站,1
4237,石河子客运站,342350
4238,白水客运站,207
4239,沙雅运输站,144
4240,侯马汽车西站,13
4241,231225080,1
4242,佳木斯客运总站中山站,13342
4243,宜兴车站,145010
4244,白砂(邮政储蓄),74
4245,来福村,2
4246,唐家庄,4
4247,昌邑汽车站,16609
4248,驻马店中心站,19631
4249,广州从化汽车站,2448
4250,省际总站,8228
4251,文昌秀生桥,2
4252,利川中心客运站,1
4253,常宁市青市汽车站,1
4254,盘县汽车站（城关）,2369
4255,大柴旦汽车站,2538
4256,北屯客运站,35570
4257,230123001,188
4258,朝阳站,63048
4259,邳州新城站,26207
4260,港城车站,1523
4261,玉环楚门站,28802
4262,杏林,6077
4263,新密长途汽车站(西),8995
4264,深圳市宝安公明汽车客运站,13783
4265,靖海镇第二招呼站,18
4266,北栅汽车站,222
4267,珠海马戏酒店,2
4268,文昌龙楼,69
4269,四川巴中市辖区,7
4270,西北部客运站,75
4271,赣州汽车南站,4
4272,惠州汽车客运站,1
4273,隆子县客运站,298
4274,省西安汽车站,235863
4275,麟游客运站,26237
4276,靖边汽车站,713
4277,阿克苏中心客运站,283
4278,丹东,143445
4279,双辽市公路客运总站,7453
4280,依安县客运总站,8186
4281,高邮汽车客运站,117885
4282,芜湖高铁客运站,586
4283,安溪恒兴,11932
4284,佳世客,13582
4285,莱西姜山站,550
4286,青岛海泊河,32429
4287,湘运王江汽车站,12307
4288,惠东县城南客运站,16
4289,肇庆旅游集散中心,16
4290,临高调楼票点,2563
4291,桶井港门,187
4292,长寿晏家西站,61
4293,巴中通江汽车站,31772
4294,镇巴汽车站,1662
4295,广水中心客运站,1
4296,北海和信客运,4
4297,咸阳汽车北站,20804
4298,西乌汽车站,14
4299,法库,20456
4300,新宾客运站,60003
4301,231224001,14
4302,230129001,6
4303,苏州北广场汽车站,376627
4304,常熟滨江站,1716
4305,南京北站,1138
4306,徐州技师,298
4307,富阳客运站,30875
4308,建瓯高铁西站,8
4309,鱼台站,70541
4310,临淄,10027
4311,罗山汽车站,9299
4312,洪江汽车站,2
4313,南县兴盛汽车站,3949
4314,南山汽车站,139
4315,佛山粤运汽车客运站,7175
4316,东莞市谢岗客运站,105
4317,德庆播植站,310
4318,琼海潭门,137
4319,海口(福山),6244
4320,成都汽车总站,995
4321,简阳西门车站,2098
4322,阿坝客运中心,148
4323,荆州客运枢纽站,40
4324,苍南客运北站,120
4325,连江客运站,1
4326,灵丘汽车客运站,1
4327,碧口镇汽车站,351
4328,叶城县客运站,428607
4329,鲅鱼圈区顺通客运公司,90068
4330,龙江县公路客运中心站,31000
4331,五大连池市客运站,3913
4332,崇明站,14458
4333,西溪高速口,90
4334,晋江机场站,137
4335,莱阳中心,62312
4336,莱西,146782
4337,东营东站,6004
4338,滕州站,70472
4339,朝城站,360
4340,安阳客运南站,6102
4341,溆浦汽车站,43
4342,常德南部区域,5
4343,海丰南湖汽车客运站,22266
4344,汕头市潮阳汽车客运站,3536
4345,中山市古镇汽车客运站,2202
4346,|东莞市常平常运汽车客运配客点,19
4347,东方八所站,18754
4348,定安龙湖路口,47
4349,红岗,34
4350,板桥路口,3
4351,泸沽汽车站(泸沽镇),7567
4352,泸定汽车站,6235
4353,康定汽车站,23625
4354,红原汽车站,137
4355,共和汽车站,640
4356,宝鸡汽车站,175411
4357,从江高铁站,19869
4358,中川机场,111930
4359,辽宁省快速汽车客运站,184854
4360,松原市宁江区客运站,8337
4361,靖江汽车站,165580
4362,海门三阳站,1349
4363,新国线黄山风景区汽车站,10
4364,宁化,3018
4365,铅山,105
4366,高唐站,15518
4367,淮阳汽车站,1768
4368,项城长途汽车站(老街),1601
4369,新洲,24913
4370,武当山换乘中心,222
4371,深圳罗湖汽车客运站,1522
4372,海丰梅陇配客站,85
4373,厚街专线车站,103
4374,深圳市龙岗坑梓汽车客运站,65
4375,金秀客运服务站,25
4376,广东吴川,21
4377,额敏客运站,1247278
4378,三水汽车客运站,6
4379,于都汽车站,2
4380,古田汽车西站,3
4381,康乐汽车站,13539
4382,桦甸市公路客运总站,46270
4383,东丰县公路客运总站,16273
4384,辽源仙城客运站,3234
4385,230104013,24
4386,盛泽站,102492
4387,睢宁西站,10139
4388,明光汽车站,3
4389,泉港车站,5618
4390,新桥(漳平),665
4391,泸溪县汽车站,26118
4392,会同汽车站,13282
4393,桂林琴潭汽车客运站,1663
4394,贵港汽车西站,1375
4395,凤山汽车总站,997
4396,儋州铺仔,24
4397,保亭呀诺达,35
4398,二队,1
4399,三亚海棠湾南田,35
4400,乡城长途汽车站,986
4401,达州市汽车南站,509
4402,恩施汽车客运中心站,7
4403,庄浪南站,2274
4404,花北汽车站,77
4405,龙岩汽车站,1
4406,云浮城西客运站,1
4407,通化总站新站,1
4408,232722001,19
4409,延寿客运站,18926
4410,依兰县公路客运服务中心,1924
4411,富裕县公路客运站,505
4412,通河县公路客运站,4893
4413,高新区银河苑,518
4414,如东河口站,1949
4415,龙港客运中心,211118
4416,罗源(高速),10189
4417,上杭汽车站,10804
4418,婺源,2115
4419,潍联客,299583
4420,远安807,1456
4421,靖州汽车站,15144
4422,湘潭长途汽车站,33864
4423,潮州市粤运中心客运站,3591
4424,陆丰汽车客运站,6311
4425,深圳市龙岗大鹏汽车客运站,27
4426,深圳市龙岗大鹏汽车站,4
4427,定安龙门,79
4428,龙里汽车站,172988
4429,丹寨汽车站,4756
4430,田东客运站,5
4431,容桂汽车客运站,2
4432,兰州市汽车南站,84972
4433,临夏汽车站（西站）,25
4434,和田长途站,207
4435,凌源客运站,111487
4436,230204005,3
4437,虹桥长途西站,522042
4438,东海汽车站,65580
4439,如东洋口闸站,2960
4440,钻石酒店,18
4441,濮阳飞龙站,38909
4442,梅川,1701
4443,清远阳山汽车客运站,46609
4444,河源龙川县老隆汽车客运站,11362
4445,海口西站,206982
4446,琼中贝湾,1
4447,四公里交通换乘枢纽,3711
4448,秀山汽车总站,727
4449,大足龙水汽车站,165
4450,石柱汽车站,242
4451,高县城南车站,649
4452,盐亭客运站,4066
4453,高速客运站,75
4454,岢岚汽车站,1
4455,汨罗客运总站,2
4456,滘口汽车客运站,12
4457,延安东站,3973
4458,兰州西站,5081
4459,拜城运输站,222
4460,洮南市公路客运总站,8178
4461,灌云汽车站,41827
4462,海门树勋站,2347
4463,定海盐仓站,197202
4464,赤壁,30192
4465,琼海长坡,64
4466,大方汽车站,8776
4467,建水汽车客运站,2
4468,普宁流沙客运站,13
4469,大庆枢纽站,28
4470,深圳罗湖客运站,9
4471,昭平汽车站,5
4472,清远连南客运站,1
4473,旬阳汽车站（县运司）,41649
4474,镇安客运站,4399
4475,肥东交通汽车站,648
4476,兴城客运站,54274
4477,吉林市客运换乘中心,36480
4478,延吉市客运站,16328
4479,230623002,4
4480,黑河市公路客运总站,19883
4481,尚志市公路客运站,22110
4482,周庄客运站,2896
4483,合肥高铁南站,1
4484,同安后垵,479
4485,宁津县汽车站,16996
4486,咸丰,28954
4487,益阳家润多,1
4488,韶关翁源汽车客运站,13856
4489,电白县二运汽车客运站,1113
4490,沙井中心站,1371
4491,3|海丰鲘门配客点,29
4492,陆丰甲子汽车客运站,1
4493,田阳汽车客运站,5
4494,昌江棋子湾高铁站,70
4495,三亚育才,46
4496,五通桥客运中心,1450
4497,宏基客运站,40
4498,舒兰客运站,7
4499,益华客运配客中心,1
4500,惠安汽车站,2
4501,镇安汽车站,11652
4502,吉木乃客运站,3919
4503,南验讫点,8887
4504,开原市汽车客运站,68451
4505,泰顺客运北站,35675
4506,安海车站,1211
4507,一都车站,287
4508,枫亭,2452
4509,青山汽车客运站,7542
4510,南城汽车站,1251
4511,扶沟汽车站,5030
4512,嵩县汽车站,347
4513,洛阳客运东站,2530
4514,松柏,13331
4515,云梦,260
4516,株洲中心站,35327
4517,文昌烟堆,20
4518,文昌公坡,39
4519,独山汽车站,5240
4520,稻城汽车站,1211
4521,沙井中心客运站,65
4522,石湾汽车客运站,1
4523,灵台汽车站,3245
4524,山阳汽车站,12
4525,托克逊客运站,1689
4526,辽源市公路客运总站,27356
4527,蛟河市公路客运总站,1689
4528,九台区公路客运中心站,6386
4529,齐齐哈尔公路客运枢纽站,1
4530,古田山庄,39
4531,文登站,88095
4532,惠民站,15448
4533,阳江汽车客运站,42437
4534,蕉岭汽车客运站,4946
4535,封开南丰汽车客运站,5849
4536,宝安松岗汽车客运站,308
4537,惠州市惠阳区镇隆金晟客运站,25
4538,全州总站,10
4539,查苗海口,26
4540,广东茂名电白水东,4
4541,武胜汽车站,33547
4542,阆中89队汽车站,325
4543,石渠县汽车站,35
4544,东莞汽车客运北站,4
4545,渭南市客运中心站,31008
4546,宁强汽车站,2
4547,尉犁县客运站,211837
4548,110101001,23
4549,嘉荫县客运站,4974
4550,浦东机场站,107951
4551,南京葛塘站,13
4552,云和客运中心,43290
4553,阜阳汽车西站,18
4554,金井车站,550
4555,北苑丽景,168
4556,吉安县汽车站,63
4557,莱州站,1027
4558,深圳机场汽车客运站,1033
4559,旅游集团,687
4560,金城江城北汽车站,524
4561,海口新海港,205
4562,广东湛江,10
4563,龙滚,2
4564,槐树店地铁站B口,315
4565,萨迦县客运站,961
4566,旬阳客运站,408
